code,wilaya_id,wilaya_name_latin,wilaya_name_arabic,display,total_communes,domicile_communes,desk_communes,has_stop_desk,domicile_fee_min,domicile_fee_max,desk_fee_min,desk_fee_max
01,1,Adrar,أدرار,01 - أدرار (Adrar),16,16,1,True,1350,1350,600,600
02,2,Chlef,الشلف,02 - الشلف (Chlef),35,35,2,True,700,700,450,450
03,3,Laghouat,الأغواط,03 - الأغواط (Laghouat),24,24,2,True,700,700,450,450
04,4,Oum El Bouaghi,أم البواقي,04 - أم البواقي (Oum El Bouaghi),29,29,2,True,700,700,450,450
05,5,Batna,باتنة,05 - باتنة (Batna),61,61,3,True,700,700,450,450
06,6,Béjaïa,بجاية,06 - بجاية (Béjaïa),52,52,3,True,700,700,450,450
07,7,Biskra,بسكرة,07 - بسكرة (Biskra),27,27,1,True,700,700,450,450
08,8,Béchar,بشار,08 - بشار (Béchar),11,11,1,True,750,750,500,500
09,9,Blida,البليدة,09 - البليدة (Blida),25,25,4,True,700,700,450,450
10,10,Bouira,البويرة,10 - البويرة (Bouira),45,45,2,True,700,700,450,450
11,11,Tamanrasset,تمنراست,11 - تمنراست (Tamanrasset),5,5,1,True,1350,1350,900,900
12,12,Tébessa,تبسة,12 - تبسة (Tébessa),28,28,2,True,700,700,450,450
13,13,Tlemcen,تلمسان,13 - تلمسان (Tlemcen),53,53,2,True,750,750,450,450
14,14,Tiaret,تيارت,14 - تيارت (Tiaret),42,42,1,True,700,700,450,450
15,15,Tizi Ouzou,تيزي وزو,15 - تيزي وزو (Tizi Ouzou),68,67,3,True,700,700,450,450
16,16,Alger,الجزائر,16 - الجزائر (Alger),57,57,16,True,700,700,450,450
17,17,Djelfa,الجلفة,17 - الجلفة (Djelfa),36,36,2,True,700,700,450,450
18,18,Jijel,جيجل,18 - جيجل (Jijel),28,28,1,True,700,700,450,450
19,19,Sétif,سطيف,19 - سطيف (Sétif),60,60,5,True,700,700,450,450
20,20,Saïda,سعيدة,20 - سعيدة (Saïda),16,16,1,True,700,700,450,450
21,21,Skikda,سكيكدة,21 - سكيكدة (Skikda),38,38,2,True,700,700,450,450
22,22,Sidi Bel Abbès,سيدي بلعباس,22 - سيدي بلعباس (Sidi Bel Abbès),52,52,0,False,750,750,,
23,23,Annaba,عنابة,23 - عنابة (Annaba),0,0,0,False,,,,
24,24,Guelma,قالمة,24 - قالمة (Guelma),34,34,1,True,700,700,450,450
25,25,Constantine,قسنطينة,25 - قسنطينة (Constantine),12,12,2,True,700,700,450,450
26,26,Médéa,المدية,26 - المدية (Médéa),64,64,2,True,700,700,450,450
27,27,Mostaganem,مستغانم,27 - مستغانم (Mostaganem),32,32,1,True,700,700,450,450
28,28,M'Sila,المسيلة,28 - المسيلة (M'Sila),47,47,2,True,300,300,250,250
29,29,Mascara,معسكر,29 - معسكر (Mascara),47,47,0,False,700,700,,
30,30,Ouargla,ورقلة,30 - ورقلة (Ouargla),0,0,0,False,,,,
31,31,Oran,وهران,31 - وهران (Oran),2,2,0,True,700,700,,
32,32,El Bayadh,البيض,32 - البيض (El Bayadh),22,22,1,True,700,700,450,450
33,33,Illizi,إليزي,33 - إليزي (Illizi),4,4,1,True,1600,1600,450,450
34,34,Bordj Bou Arreridj,برج بوعريريج,34 - برج بوعريريج (Bordj Bou Arreridj),34,34,1,True,650,650,450,450
35,35,Boumerdès,بومرداس,35 - بومرداس (Boumerdès),32,32,4,True,700,700,450,450
36,36,El Tarf,الطارف,36 - الطارف (El Tarf),24,24,1,True,750,750,450,450
37,37,Tindouf,تندوف,37 - تندوف (Tindouf),2,2,0,False,1400,1400,,
38,38,Tissemsilt,تيسمسيلت,38 - تيسمسيلت (Tissemsilt),22,22,2,True,700,700,450,450
39,39,El Oued,الوادي,39 - الوادي (El Oued),22,22,2,True,700,700,450,450
40,40,Khenchela,خنشلة,40 - خنشلة (Khenchela),21,21,1,True,700,700,450,450
41,41,Souk Ahras,سوق أهراس,41 - سوق أهراس (Souk Ahras),26,26,1,True,700,700,450,450
42,42,Tipaza,تيبازة,42 - تيبازة (Tipaza),28,28,4,True,700,700,450,450
43,43,Mila,ميلة,43 - ميلة (Mila),32,32,3,True,700,700,450,450
44,44,Aïn Defla,عين الدفلى,44 - عين الدفلى (Aïn Defla),36,36,2,True,700,700,450,450
45,45,Naâma,النعامة,45 - النعامة (Naâma),12,12,1,True,750,750,450,450
46,46,Aïn Témouchent,عين تموشنت,46 - عين تموشنت (Aïn Témouchent),28,27,2,True,750,750,450,450
47,47,Ghardaïa,غرداية,47 - غرداية (Ghardaïa),10,10,1,True,700,700,450,450
48,48,Relizane,غليزان,48 - غليزان (Relizane),38,38,2,True,700,700,450,450
49,49,Timimoun,تيميمون,49 - تيميمون (Timimoun),10,10,0,False,1350,1350,,
50,50,Bordj Badji Mokhtar,برج باجي مختار,50 - برج باجي مختار (Bordj Badji Mokhtar),2,2,0,False,1900,1900,,
51,51,Ouled Djellal,أولاد جلال,51 - أولاد جلال (Ouled Djellal),6,6,1,True,700,700,450,450
52,52,Beni Abbes,بني عباس,52 - بني عباس (Beni Abbes),10,10,0,False,750,1350,,
53,53,In Salah,عين صالح,53 - عين صالح (In Salah),3,3,1,True,1350,1350,750,750
54,54,In Guezzam,عين قزام,54 - عين قزام (In Guezzam),2,2,0,False,1900,1900,,
55,55,Touggourt,تقرت,55 - تقرت (Touggourt),13,13,1,True,850,850,450,450
56,56,Djanet,جانت,56 - جانت (Djanet),2,2,1,True,1900,1900,850,850
57,57,El M'Ghair,المغير,57 - المغير (El M'Ghair),8,8,1,True,700,700,400,400
58,58,El Meniaa,المنيعة,58 - المنيعة (El Meniaa),3,3,0,False,800,800,,
