wilaya_code,wilaya_id,wilaya_name_latin,wilaya_name_arabic,commune_id,commune_name,domicile_available,domicile_fee_da,stopdesk_available,stopdesk_fee_da
01,1,Adrar,أدرار,101,Adrar,True,1300,True,800
01,1,Adrar,أدرار,119,Akabli,True,1300,False,
01,1,Adrar,أدرار,112,Aoulef,True,1300,False,
01,1,Adrar,أدرار,122,Bouda,True,1300,False,
01,1,Adrar,أدرار,115,Fenoughil,True,1300,False,
01,1,Adrar,أدرار,105,In Zghmir,True,1300,False,
01,1,Adrar,أدرار,121,Ouled Ahmed Timmi,True,1300,False,
01,1,Adrar,أدرار,104,Reggane,True,1300,False,
01,1,Adrar,أدرار,118,Sali,True,1300,False,
01,1,Adrar,أدرار,126,Sebaa,True,1300,False,
01,1,Adrar,أدرار,114,Tamantit,True,1300,False,
01,1,Adrar,أدرار,102,Tamest,True,1300,False,
01,1,Adrar,أدرار,113,Timekten,True,1300,False,
01,1,Adrar,أدرار,106,Tit,True,1300,False,
01,1,Adrar,أدرار,108,Tsabit,True,1300,False,
01,1,Adrar,أدرار,111,Zaouiet Kounta,True,1300,False,
02,2,Chlef,الشلف,222,Abou El Hassan,True,700,False,
02,2,Chlef,الشلف,232,Ain Merane,True,700,False,
02,2,Chlef,الشلف,203,Benairia,True,700,False,
02,2,Chlef,الشلف,235,Beni Bouattab,True,700,False,
02,2,Chlef,الشلف,207,Beni Haoua,True,700,False,
02,2,Chlef,الشلف,213,Beni Rached,True,700,False,
02,2,Chlef,الشلف,212,Boukadir,True,700,False,
02,2,Chlef,الشلف,231,Bouzeghaia,True,700,False,
02,2,Chlef,الشلف,234,Breira,True,700,False,
02,2,Chlef,الشلف,224,Chettia,True,700,False,
02,2,Chlef,الشلف,201,Chlef,True,700,True,500
02,2,Chlef,الشلف,217,Dahra,True,700,False,
02,2,Chlef,الشلف,227,El Hadjadj,True,700,False,
02,2,Chlef,الشلف,204,El Karimia,True,700,False,
02,2,Chlef,الشلف,223,El Marsa,True,700,False,
02,2,Chlef,الشلف,209,Harchoun,True,700,False,
02,2,Chlef,الشلف,215,Herenfa,True,700,False,
02,2,Chlef,الشلف,228,Labiod Medjadja,True,700,False,
02,2,Chlef,الشلف,226,Moussadek,True,700,False,
02,2,Chlef,الشلف,229,Oued Fodda,True,700,False,
02,2,Chlef,الشلف,216,Oued Goussine,True,700,False,
02,2,Chlef,الشلف,221,Oued Sly,True,700,False,
02,2,Chlef,الشلف,218,Ouled Abbes,True,700,False,
02,2,Chlef,الشلف,230,Ouled Ben Abdelkader,True,700,False,
02,2,Chlef,الشلف,210,Ouled Fares,True,700,False,
02,2,Chlef,الشلف,233,Oum Drou,True,700,False,
02,2,Chlef,الشلف,219,Sendjas,True,700,False,
02,2,Chlef,الشلف,225,Sidi Abderrahmane,True,700,False,
02,2,Chlef,الشلف,211,Sidi Akkacha,True,700,False,
02,2,Chlef,الشلف,208,Sobha,True,700,False,
02,2,Chlef,الشلف,205,Tadjena,True,700,False,
02,2,Chlef,الشلف,214,Talassa,True,700,False,
02,2,Chlef,الشلف,206,Taougrite,True,700,False,
02,2,Chlef,الشلف,202,Tenes,True,700,False,
02,2,Chlef,الشلف,220,Zeboudja,True,700,False,
03,3,Laghouat,الأغواط,319,Aflou,True,950,False,
03,3,Laghouat,الأغواط,307,Ain Madhi,True,950,False,
03,3,Laghouat,الأغواط,311,Ain Sidi Ali,True,950,False,
03,3,Laghouat,الأغواط,312,Beidha,True,950,False,
03,3,Laghouat,الأغواط,303,Benacer Benchohra,True,950,False,
03,3,Laghouat,الأغواط,313,Brida,True,950,False,
03,3,Laghouat,الأغواط,320,El Assafia,True,950,False,
03,3,Laghouat,الأغواط,314,El Ghicha,True,950,False,
03,3,Laghouat,الأغواط,323,El Haouaita,True,950,False,
03,3,Laghouat,الأغواط,310,Gueltat Sidi Saad,True,950,False,
03,3,Laghouat,الأغواط,315,Hadj Mechri,True,950,False,
03,3,Laghouat,الأغواط,305,Hassi Delaa,True,950,False,
03,3,Laghouat,الأغواط,306,Hassi R'mel,True,950,False,
03,3,Laghouat,الأغواط,309,Kheneg,True,950,False,
03,3,Laghouat,الأغواط,302,Ksar El Hirane,True,950,False,
03,3,Laghouat,الأغواط,301,Laghouat,True,950,True,550
03,3,Laghouat,الأغواط,322,Oued M'zi,True,950,False,
03,3,Laghouat,الأغواط,321,Oued Morra,True,950,False,
03,3,Laghouat,الأغواط,316,Sebgag,True,950,False,
03,3,Laghouat,الأغواط,324,Sidi Bouzid,True,950,False,
03,3,Laghouat,الأغواط,304,Sidi Makhlouf,True,950,False,
03,3,Laghouat,الأغواط,308,Tadjemout,True,950,False,
03,3,Laghouat,الأغواط,318,Tadjrouna,True,950,False,
03,3,Laghouat,الأغواط,317,Taouiala,True,950,False,
04,4,Oum El Bouaghi,أم البواقي,408,Ain Babouche,True,700,False,
04,4,Oum El Bouaghi,أم البواقي,402,Ain Beida,True,700,False,
04,4,Oum El Bouaghi,أم البواقي,415,Ain Diss,True,700,False,
04,4,Oum El Bouaghi,أم البواقي,425,Ain Fekroune,True,700,False,
04,4,Oum El Bouaghi,أم البواقي,412,Ain Kercha,True,700,False,
04,4,Oum El Bouaghi,أم البواقي,403,Ain M'lila,True,700,False,
04,4,Oum El Bouaghi,أم البواقي,427,Ain Zitoun,True,700,False,
04,4,Oum El Bouaghi,أم البواقي,404,Behir Chergui,True,700,False,
04,4,Oum El Bouaghi,أم البواقي,409,Berriche,True,700,False,
04,4,Oum El Bouaghi,أم البواقي,421,Bir Chouhada,True,700,False,
04,4,Oum El Bouaghi,أم البواقي,411,Dhala,True,700,False,
04,4,Oum El Bouaghi,أم البواقي,405,El Amiria,True,700,False,
04,4,Oum El Bouaghi,أم البواقي,407,El Belala,True,700,False,
04,4,Oum El Bouaghi,أم البواقي,414,El Djazia,True,700,False,
04,4,Oum El Bouaghi,أم البواقي,419,El Fedjoudj Boughrara Sa,True,700,False,
04,4,Oum El Bouaghi,أم البواقي,429,El Harmilia,True,700,False,
04,4,Oum El Bouaghi,أم البواقي,416,Fkirina,True,700,False,
04,4,Oum El Bouaghi,أم البواقي,413,Hanchir Toumghani,True,700,False,
04,4,Oum El Bouaghi,أم البواقي,422,Ksar Sbahi,True,700,False,
04,4,Oum El Bouaghi,أم البواقي,424,Meskiana,True,700,False,
04,4,Oum El Bouaghi,أم البواقي,423,Oued Nini,True,700,False,
04,4,Oum El Bouaghi,أم البواقي,428,Ouled Gacem,True,700,False,
04,4,Oum El Bouaghi,أم البواقي,410,Ouled Hamla,True,700,False,
04,4,Oum El Bouaghi,أم البواقي,420,Ouled Zouai,True,700,False,
04,4,Oum El Bouaghi,أم البواقي,401,Oum El Bouaghi,True,700,True,500
04,4,Oum El Bouaghi,أم البواقي,426,Rahia,True,700,False,
04,4,Oum El Bouaghi,أم البواقي,406,Sigus,True,700,False,
04,4,Oum El Bouaghi,أم البواقي,417,Souk Naamane,True,700,False,
04,4,Oum El Bouaghi,أم البواقي,418,Zorg,True,700,False,
05,5,Batna,باتنة,519,Ain Djasser,True,700,False,
05,5,Batna,باتنة,545,Ain Touta,True,700,False,
05,5,Batna,باتنة,522,Ain Yagout,True,700,False,
05,5,Batna,باتنة,516,Arris,True,700,False,
05,5,Batna,باتنة,515,Azil Abedelkader,True,700,False,
05,5,Batna,باتنة,542,Barika,True,700,False,
05,5,Batna,باتنة,501,Batna,True,700,True,500
05,5,Batna,باتنة,532,Beni Foudhala El Hakania,True,700,False,
05,5,Batna,باتنة,514,Bitam,True,700,False,
05,5,Batna,باتنة,560,Boulhilat,True,700,False,
05,5,Batna,باتنة,541,Boumagueur,True,700,False,
05,5,Batna,باتنة,559,Boumia,True,700,False,
05,5,Batna,باتنة,535,Bouzina,True,700,False,
05,5,Batna,باتنة,536,Chemora,True,700,False,
05,5,Batna,باتنة,552,Chir,True,700,False,
05,5,Batna,باتنة,513,Djerma,True,700,False,
05,5,Batna,باتنة,543,Djezzar,True,700,False,
05,5,Batna,باتنة,557,El Hassi,True,700,False,
05,5,Batna,باتنة,507,El Madher,True,700,False,
05,5,Batna,باتنة,523,Fesdis,True,700,False,
05,5,Batna,باتنة,531,Foum Toub,True,700,False,
05,5,Batna,باتنة,502,Ghassira,True,700,False,
05,5,Batna,باتنة,539,Gosbat,True,700,False,
05,5,Batna,باتنة,510,Guigba,True,700,False,
05,5,Batna,باتنة,546,Hidoussa,True,700,False,
05,5,Batna,باتنة,530,Ichmoul,True,700,False,
05,5,Batna,باتنة,511,Inoughissen,True,700,False,
05,5,Batna,باتنة,517,Kimmel,True,700,False,
05,5,Batna,باتنة,528,Ksar Bellezma,True,700,False,
05,5,Batna,باتنة,561,Larbaa,True,700,False,
05,5,Batna,باتنة,558,Lazrou,True,700,False,
05,5,Batna,باتنة,527,Lemsane,True,700,False,
05,5,Batna,باتنة,555,M Doukal,True,700,False,
05,5,Batna,باتنة,503,Maafa,True,700,False,
05,5,Batna,باتنة,506,Menaa,True,700,False,
05,5,Batna,باتنة,504,Merouana,True,700,False,
05,5,Batna,باتنة,509,N Gaous,True,700,False,
05,5,Batna,باتنة,537,Oued Chaaba,True,700,False,
05,5,Batna,باتنة,533,Oued El Ma,True,700,False,
05,5,Batna,باتنة,548,Oued Taga,True,700,False,
05,5,Batna,باتنة,556,Ouled Ammar,True,700,False,
05,5,Batna,باتنة,540,Ouled Aouf,True,700,False,
05,5,Batna,باتنة,549,Ouled Fadel,True,700,False,
05,5,Batna,باتنة,520,Ouled Sellem,True,700,False,
05,5,Batna,باتنة,553,Ouled Si Slimane,True,700,False,
05,5,Batna,باتنة,512,Ouyoun El Assafir,True,700,False,
05,5,Batna,باتنة,525,Rahbat,True,700,False,
05,5,Batna,باتنة,551,Ras El Aioun,True,700,False,
05,5,Batna,باتنة,524,Sefiane,True,700,False,
05,5,Batna,باتنة,529,Seggana,True,700,False,
05,5,Batna,باتنة,505,Seriana,True,700,False,
05,5,Batna,باتنة,544,T Kout,True,700,False,
05,5,Batna,باتنة,534,Talkhamt,True,700,False,
05,5,Batna,باتنة,538,Taxlent,True,700,False,
05,5,Batna,باتنة,508,Tazoult,True,700,False,
05,5,Batna,باتنة,547,Teniet El Abed,True,700,False,
05,5,Batna,باتنة,526,Tighanimine,True,700,False,
05,5,Batna,باتنة,521,Tigharghar,True,700,False,
05,5,Batna,باتنة,518,Tilatou,True,700,False,
05,5,Batna,باتنة,550,Timgad,True,700,False,
05,5,Batna,باتنة,554,Zanet El Beida,True,700,False,
06,6,Béjaïa,بجاية,624,Adekar,True,700,False,
06,6,Béjaïa,بجاية,628,Ait R'zine,True,700,False,
06,6,Béjaïa,بجاية,647,Ait Smail,True,700,False,
06,6,Béjaïa,بجاية,625,Akbou,True,700,False,
06,6,Béjaïa,بجاية,642,Akfadou,True,700,False,
06,6,Béjaïa,بجاية,616,Amalou,True,700,False,
06,6,Béjaïa,بجاية,602,Amizour,True,700,False,
06,6,Béjaïa,بجاية,622,Aokas,True,700,False,
06,6,Béjaïa,بجاية,634,Barbacha,True,700,False,
06,6,Béjaïa,بجاية,601,Bejaia,True,700,True,500
06,6,Béjaïa,بجاية,623,Beni Dejllil,True,700,False,
06,6,Béjaïa,بجاية,635,Beni K'sila,True,700,False,
06,6,Béjaïa,بجاية,638,Beni Mallikeche,True,700,False,
06,6,Béjaïa,بجاية,650,Benimaouche,True,700,False,
06,6,Béjaïa,بجاية,652,Boudjellil,True,700,False,
06,6,Béjaïa,بجاية,637,Bouhamza,True,700,False,
06,6,Béjaïa,بجاية,648,Boukhelifa,True,700,False,
06,6,Béjaïa,بجاية,605,Chellata,True,700,False,
06,6,Béjaïa,بجاية,629,Chemini,True,700,False,
06,6,Béjaïa,بجاية,620,Darghina,True,700,False,
06,6,Béjaïa,بجاية,645,Dra El Caid,True,700,False,
06,6,Béjaïa,بجاية,640,El Kseur,True,700,False,
06,6,Béjaïa,بجاية,618,Fenaia Il Maten,True,700,False,
06,6,Béjaïa,بجاية,603,Feraoun,True,700,False,
06,6,Béjaïa,بجاية,617,Ighil Ali,True,700,False,
06,6,Béjaïa,بجاية,615,Ighram,True,700,False,
06,6,Béjaïa,بجاية,613,Kendira,True,700,False,
06,6,Béjaïa,بجاية,644,Kherrata,True,700,False,
06,6,Béjaïa,بجاية,643,Leflaye,True,700,False,
06,6,Béjaïa,بجاية,609,M'cisna,True,700,False,
06,6,Béjaïa,بجاية,641,Melbou,True,700,False,
06,6,Béjaïa,بجاية,651,Oued Ghir,True,700,False,
06,6,Béjaïa,بجاية,636,Ouzellaguene,True,700,False,
06,6,Béjaïa,بجاية,626,Seddouk,True,700,False,
06,6,Béjaïa,بجاية,639,Sidi Aich,True,700,False,
06,6,Béjaïa,بجاية,621,Sidi Ayad,True,700,False,
06,6,Béjaïa,بجاية,612,Smaoun,True,700,False,
06,6,Béjaïa,بجاية,608,Souk El Tenine,True,700,False,
06,6,Béjaïa,بجاية,630,Souk Oufella,True,700,False,
06,6,Béjaïa,بجاية,633,Tala Hamza,True,700,False,
06,6,Béjaïa,بجاية,606,Tamokra,True,700,False,
06,6,Béjaïa,بجاية,646,Tamridjet,True,700,False,
06,6,Béjaïa,بجاية,604,Taourit Ighil,True,700,False,
06,6,Béjaïa,بجاية,631,Taskriout,True,700,False,
06,6,Béjaïa,بجاية,627,Tazmalt,True,700,False,
06,6,Béjaïa,بجاية,632,Tibane,True,700,False,
06,6,Béjaïa,بجاية,611,Tichy,True,700,False,
06,6,Béjaïa,بجاية,614,Tifra,True,700,False,
06,6,Béjaïa,بجاية,607,Timezrit,True,700,False,
06,6,Béjaïa,بجاية,610,Tinebdar,True,700,False,
06,6,Béjaïa,بجاية,649,Tizi N'berber,True,700,False,
06,6,Béjaïa,بجاية,619,Toudja,True,700,False,
07,7,Biskra,بسكرة,714,Ain Naga,True,700,False,
07,7,Biskra,بسكرة,718,Ain Zaatout,True,700,False,
07,7,Biskra,بسكرة,701,Biskra,True,700,True,400
07,7,Biskra,بسكرة,727,Bordj Ben Azzouz,True,700,False,
07,7,Biskra,بسكرة,729,Bouchagroun,True,700,False,
07,7,Biskra,بسكرة,703,Branis,True,700,False,
07,7,Biskra,بسكرة,704,Chetma,True,700,False,
07,7,Biskra,بسكرة,720,Djemorah,True,700,False,
07,7,Biskra,بسكرة,716,El Feidh,True,700,False,
07,7,Biskra,بسكرة,731,El Ghrous,True,700,False,
07,7,Biskra,بسكرة,732,El Hadjab,True,700,False,
07,7,Biskra,بسكرة,713,El Haouch,True,700,False,
07,7,Biskra,بسكرة,717,El Kantara,True,700,False,
07,7,Biskra,بسكرة,719,El Outaya,True,700,False,
07,7,Biskra,بسكرة,726,Foughala,True,700,False,
07,7,Biskra,بسكرة,733,Khenguet Sidi Nadji,True,700,False,
07,7,Biskra,بسكرة,723,Lichana,True,700,False,
07,7,Biskra,بسكرة,722,Lioua,True,700,False,
07,7,Biskra,بسكرة,712,M'chouneche,True,700,False,
07,7,Biskra,بسكرة,725,M'lili,True,700,False,
07,7,Biskra,بسكرة,730,Mekhadma,True,700,False,
07,7,Biskra,بسكرة,728,Meziraa,True,700,False,
07,7,Biskra,بسكرة,702,Oumache,True,700,False,
07,7,Biskra,بسكرة,724,Ourlal,True,700,False,
07,7,Biskra,بسكرة,711,Sidi Okba,True,700,False,
07,7,Biskra,بسكرة,721,Tolga,True,700,False,
07,7,Biskra,بسكرة,715,Zeribet El Oued,True,700,False,
08,8,Béchar,بشار,817,Abadla,True,1300,False,
08,8,Béchar,بشار,801,Bechar,True,1300,True,800
08,8,Béchar,بشار,821,Beni Ounif,True,1300,False,
08,8,Béchar,بشار,815,Boukais,True,1300,False,
08,8,Béchar,بشار,802,Erg Ferradj,True,1300,False,
08,8,Béchar,بشار,810,Kenadsa,True,1300,False,
08,8,Béchar,بشار,806,Lahmar,True,1300,False,
08,8,Béchar,بشار,809,Mechraa H.boumediene,True,1300,False,
08,8,Béchar,بشار,804,Meridja,True,1300,False,
08,8,Béchar,بشار,816,Mogheul,True,1300,False,
08,8,Béchar,بشار,813,Taghit,True,1300,False,
09,9,Blida,البليدة,924,Ain Romana,True,700,False,
09,9,Blida,البليدة,921,Beni Mered,True,700,False,
09,9,Blida,البليدة,919,Beni Tamou,True,700,False,
09,9,Blida,البليدة,910,Benkhelil,True,700,False,
09,9,Blida,البليدة,901,Blida,True,700,True,500
09,9,Blida,البليدة,920,Bouarfa,True,700,False,
09,9,Blida,البليدة,916,Boufarik,True,700,False,
09,9,Blida,البليدة,922,Bougara,True,700,False,
09,9,Blida,البليدة,903,Bouinan,True,700,False,
09,9,Blida,البليدة,902,Chebli,True,700,False,
09,9,Blida,البليدة,908,Chiffa,True,700,False,
09,9,Blida,البليدة,906,Chrea,True,700,False,
09,9,Blida,البليدة,925,Djebabra,True,700,False,
09,9,Blida,البليدة,907,El Affroun,True,700,False,
09,9,Blida,البليدة,923,Guerrouaou,True,700,False,
09,9,Blida,البليدة,909,Hammam Melouane,True,700,False,
09,9,Blida,البليدة,917,Larbaa,True,700,False,
09,9,Blida,البليدة,914,Meftah,True,700,False,
09,9,Blida,البليدة,912,Mouzaia,True,700,False,
09,9,Blida,البليدة,918,Oued Djer,True,700,False,
09,9,Blida,البليدة,904,Oued El Alleug,True,700,False,
09,9,Blida,البليدة,915,Ouled Slama,True,700,False,
09,9,Blida,البليدة,905,Ouled Yaich,True,700,False,
09,9,Blida,البليدة,913,Souhane,True,700,False,
09,9,Blida,البليدة,911,Souma,True,700,False,
10,10,Bouira,البويرة,1027,Aghbalou,True,700,False,
10,10,Bouira,البويرة,1022,Ahl El Ksar,True,700,False,
10,10,Bouira,البويرة,1035,Ain Bessem,True,700,False,
10,10,Bouira,البويرة,1025,Ain El Hadjar,True,700,False,
10,10,Bouira,البويرة,1041,Ain Laloui,True,700,False,
10,10,Bouira,البويرة,1029,Ain Turk,True,700,False,
10,10,Bouira,البويرة,1008,Ait Laaziz,True,700,False,
10,10,Bouira,البويرة,1016,Aomar,True,700,False,
10,10,Bouira,البويرة,1033,Bechloul,True,700,False,
10,10,Bouira,البويرة,1036,Bir Ghbalou,True,700,False,
10,10,Bouira,البويرة,1018,Bordj Okhriss,True,700,False,
10,10,Bouira,البويرة,1023,Bouderbala,True,700,False,
10,10,Bouira,البويرة,1001,Bouira,True,700,True,500
10,10,Bouira,البويرة,1034,Boukram,True,700,False,
10,10,Bouira,البويرة,1017,Chorfa,True,700,False,
10,10,Bouira,البويرة,1031,Dechmia,True,700,False,
10,10,Bouira,البويرة,1007,Dirah,True,700,False,
10,10,Bouira,البويرة,1026,Djebahia,True,700,False,
10,10,Bouira,البويرة,1019,El Adjiba,False,,False,
10,10,Bouira,البويرة,1002,El Asnam,False,,False,
10,10,Bouira,البويرة,1015,El Hachimia,True,700,False,
10,10,Bouira,البويرة,1020,El Hakimia,True,700,False,
10,10,Bouira,البويرة,1021,El Khabouzia,True,700,False,
10,10,Bouira,البويرة,1044,El Mokrani,True,700,False,
10,10,Bouira,البويرة,1003,Guerrouma,True,700,False,
10,10,Bouira,البويرة,1042,Hadjera Zerga,True,700,False,
10,10,Bouira,البويرة,1012,Haizer,True,700,False,
10,10,Bouira,البويرة,1006,Hanif,True,700,False,
10,10,Bouira,البويرة,1005,Kadiria,True,700,False,
10,10,Bouira,البويرة,1013,Lakhdaria,True,700,False,
10,10,Bouira,البويرة,1037,M Chedallah,True,700,False,
10,10,Bouira,البويرة,1014,Maala,True,700,False,
10,10,Bouira,البويرة,1039,Mamora,True,700,False,
10,10,Bouira,البويرة,1011,Mezdour,True,700,False,
10,10,Bouira,البويرة,1045,Oued El Berdi,True,700,False,
10,10,Bouira,البويرة,1040,Ouled Rached,True,700,False,
10,10,Bouira,البويرة,1010,Raouraoua,True,700,False,
10,10,Bouira,البويرة,1032,Ridane,True,700,False,
10,10,Bouira,البويرة,1030,Saharidj,True,700,False,
10,10,Bouira,البويرة,1004,Souk El Khemis,True,700,False,
10,10,Bouira,البويرة,1038,Sour El Ghozlane,True,700,False,
10,10,Bouira,البويرة,1009,Taghzout,True,700,False,
10,10,Bouira,البويرة,1028,Taguedite,True,700,False,
10,10,Bouira,البويرة,1043,Taourirt,True,700,False,
10,10,Bouira,البويرة,1024,Z'barbar,True,700,False,
11,11,Tamanrasset,تمنراست,1102,Abalessa,True,1400,False,
11,11,Tamanrasset,تمنراست,1109,Ain Amguel,True,1400,False,
11,11,Tamanrasset,تمنراست,1105,Idles,True,1400,False,
11,11,Tamanrasset,تمنراست,1101,Tamanrasset,True,1400,True,800
11,11,Tamanrasset,تمنراست,1106,Tazrouk,True,1400,False,
12,12,Tébessa,تبسة,1223,Ain Zerga,True,800,False,
12,12,Tébessa,تبسة,1226,Bedjene,True,800,False,
12,12,Tébessa,تبسة,1217,Bekkaria,True,800,False,
12,12,Tébessa,تبسة,1214,Bir Dheheb,True,800,False,
12,12,Tébessa,تبسة,1202,Bir El Ater,True,800,False,
12,12,Tébessa,تبسة,1210,Bir Mokkadem,True,800,False,
12,12,Tébessa,تبسة,1218,Boukhadra,True,800,False,
12,12,Tébessa,تبسة,1225,Boulhaf Dyr,True,800,False,
12,12,Tébessa,تبسة,1203,Cheria,True,800,False,
12,12,Tébessa,تبسة,1205,El Aouinet,True,800,False,
12,12,Tébessa,تبسة,1206,El Houidjbet,True,800,False,
12,12,Tébessa,تبسة,1211,El Kouif,True,800,False,
12,12,Tébessa,تبسة,1220,El Malabiod,True,800,False,
12,12,Tébessa,تبسة,1224,El Meridj,True,800,False,
12,12,Tébessa,تبسة,1227,El Mezeraa,True,800,False,
12,12,Tébessa,تبسة,1213,El Ogla,True,800,False,
12,12,Tébessa,تبسة,1215,El Ogla El Malha,True,800,False,
12,12,Tébessa,تبسة,1228,Ferkane,True,800,False,
12,12,Tébessa,تبسة,1216,Guorriguer,True,800,False,
12,12,Tébessa,تبسة,1208,Hammamet,True,800,False,
12,12,Tébessa,تبسة,1212,Morssot,True,800,False,
12,12,Tébessa,تبسة,1209,Negrine,True,800,False,
12,12,Tébessa,تبسة,1219,Ouenza,True,800,False,
12,12,Tébessa,تبسة,1221,Oum Ali,True,800,False,
12,12,Tébessa,تبسة,1207,Saf Saf El Ouesra,True,800,False,
12,12,Tébessa,تبسة,1204,Stah Guentis,True,800,False,
12,12,Tébessa,تبسة,1201,Tebessa,True,800,True,500
12,12,Tébessa,تبسة,1222,Telidjen,True,800,False,
13,13,Tlemcen,تلمسان,1331,Ain Fettah,True,700,False,
13,13,Tlemcen,تلمسان,1312,Ain Fezza,True,700,False,
13,13,Tlemcen,تلمسان,1349,Ain Ghoraba,True,700,False,
13,13,Tlemcen,تلمسان,1353,Ain Kebira,True,700,False,
13,13,Tlemcen,تلمسان,1325,Ain Nehala,True,700,False,
13,13,Tlemcen,تلمسان,1303,Ain Tallout,True,700,False,
13,13,Tlemcen,تلمسان,1315,Ain Youcef,True,700,False,
13,13,Tlemcen,تلمسان,1314,Amieur,True,700,False,
13,13,Tlemcen,تلمسان,1321,Azails,True,700,False,
13,13,Tlemcen,تلمسان,1318,Bab El Assa,True,700,False,
13,13,Tlemcen,تلمسان,1342,Beni Bahdel,True,700,False,
13,13,Tlemcen,تلمسان,1338,Beni Boussaid,True,700,False,
13,13,Tlemcen,تلمسان,1348,Beni Khaled,True,700,False,
13,13,Tlemcen,تلمسان,1302,Beni Mester,True,700,False,
13,13,Tlemcen,تلمسان,1336,Beni Ouarsous,True,700,False,
13,13,Tlemcen,تلمسان,1352,Beni Smiel,True,700,False,
13,13,Tlemcen,تلمسان,1317,Beni Snous,True,700,False,
13,13,Tlemcen,تلمسان,1324,Bensekrane,True,700,False,
13,13,Tlemcen,تلمسان,1347,Bouhlou,True,700,False,
13,13,Tlemcen,تلمسان,1343,Bouihi,True,700,False,
13,13,Tlemcen,تلمسان,1350,Chetouane,True,700,False,
13,13,Tlemcen,تلمسان,1319,Dar Yaghmouracene,True,700,False,
13,13,Tlemcen,تلمسان,1309,Djebala,True,700,False,
13,13,Tlemcen,تلمسان,1332,El Aricha,True,700,False,
13,13,Tlemcen,تلمسان,1305,El Fehoul,True,700,False,
13,13,Tlemcen,تلمسان,1310,El Gor,True,700,False,
13,13,Tlemcen,تلمسان,1320,Fellaoucene,True,700,False,
13,13,Tlemcen,تلمسان,1307,Ghazaouet,True,700,False,
13,13,Tlemcen,تلمسان,1328,Hammam Boughrara,True,700,False,
13,13,Tlemcen,تلمسان,1326,Hennaya,True,700,False,
13,13,Tlemcen,تلمسان,1344,Honaine,True,700,False,
13,13,Tlemcen,تلمسان,1327,Maghnia,True,700,False,
13,13,Tlemcen,تلمسان,1351,Mansourah,True,700,False,
13,13,Tlemcen,تلمسان,1339,Marsa Ben M'hidi,True,700,False,
13,13,Tlemcen,تلمسان,1330,Msirda Fouaga,True,700,False,
13,13,Tlemcen,تلمسان,1340,Nedroma,True,700,False,
13,13,Tlemcen,تلمسان,1311,Oued Chouly,True,700,False,
13,13,Tlemcen,تلمسان,1313,Ouled Mimoun,True,700,False,
13,13,Tlemcen,تلمسان,1346,Ouled Riyah,True,700,False,
13,13,Tlemcen,تلمسان,1304,Remchi,True,700,False,
13,13,Tlemcen,تلمسان,1306,Sabra,True,700,False,
13,13,Tlemcen,تلمسان,1322,Sebbaa Chioukh,True,700,False,
13,13,Tlemcen,تلمسان,1335,Sebdou,True,700,False,
13,13,Tlemcen,تلمسان,1334,Sidi Abdelli,True,700,False,
13,13,Tlemcen,تلمسان,1341,Sidi Djilali,True,700,False,
13,13,Tlemcen,تلمسان,1337,Sidi Medjahed,True,700,False,
13,13,Tlemcen,تلمسان,1329,Souahlia,True,700,False,
13,13,Tlemcen,تلمسان,1308,Souani,True,700,False,
13,13,Tlemcen,تلمسان,1333,Souk Tleta,True,700,False,
13,13,Tlemcen,تلمسان,1323,Terny Beni Hediel,True,700,False,
13,13,Tlemcen,تلمسان,1345,Tianet,True,700,False,
13,13,Tlemcen,تلمسان,1301,Tlemcen,True,700,True,500
13,13,Tlemcen,تلمسان,1316,Zenata,True,700,False,
14,14,Tiaret,تيارت,1403,Ain Bouchekif,True,700,False,
14,14,Tiaret,تيارت,1406,Ain Deheb,True,700,False,
14,14,Tiaret,تيارت,1418,Ain El Hadid,True,700,False,
14,14,Tiaret,تيارت,1428,Ain Kermes,True,700,False,
14,14,Tiaret,تيارت,1405,Ain Zarit,True,700,False,
14,14,Tiaret,تيارت,1440,Bougara,True,700,False,
14,14,Tiaret,تيارت,1436,Chehaima,True,700,False,
14,14,Tiaret,تيارت,1413,Dahmouni,True,700,False,
14,14,Tiaret,تيارت,1419,Djebilet Rosfa,True,700,False,
14,14,Tiaret,تيارت,1424,Djillali Ben Amar,True,700,False,
14,14,Tiaret,تيارت,1441,Faidja,True,700,False,
14,14,Tiaret,تيارت,1427,Frenda,True,700,False,
14,14,Tiaret,تيارت,1422,Guertoufa,True,700,False,
14,14,Tiaret,تيارت,1435,Hamadia,True,700,False,
14,14,Tiaret,تيارت,1429,Ksar Chellala,True,700,False,
14,14,Tiaret,تيارت,1410,Madna,True,700,False,
14,14,Tiaret,تيارت,1415,Mahdia,True,700,False,
14,14,Tiaret,تيارت,1434,Mechraa Safa,True,700,False,
14,14,Tiaret,تيارت,1408,Medrissa,True,700,False,
14,14,Tiaret,تيارت,1402,Medroussa,True,700,False,
14,14,Tiaret,تيارت,1421,Meghila,True,700,False,
14,14,Tiaret,تيارت,1412,Mellakou,True,700,False,
14,14,Tiaret,تيارت,1431,Nadorah,True,700,False,
14,14,Tiaret,تيارت,1420,Naima,True,700,False,
14,14,Tiaret,تيارت,1433,Oued Lilli,True,700,False,
14,14,Tiaret,تيارت,1414,Rahouia,True,700,False,
14,14,Tiaret,تيارت,1430,Rechaiga,True,700,False,
14,14,Tiaret,تيارت,1425,Sebaine,True,700,False,
14,14,Tiaret,تيارت,1411,Sebt,True,700,False,
14,14,Tiaret,تيارت,1439,Serghine,True,700,False,
14,14,Tiaret,تيارت,1417,Si Abdelghani,True,700,False,
14,14,Tiaret,تيارت,1438,Sidi Abderrahmane,True,700,False,
14,14,Tiaret,تيارت,1404,Sidi Ali Mellal,True,700,False,
14,14,Tiaret,تيارت,1407,Sidi Bakhti,True,700,False,
14,14,Tiaret,تيارت,1423,Sidi Hosni,True,700,False,
14,14,Tiaret,تيارت,1416,Sougueur,True,700,False,
14,14,Tiaret,تيارت,1432,Tagdemt,True,700,False,
14,14,Tiaret,تيارت,1437,Takhemaret,True,700,False,
14,14,Tiaret,تيارت,1401,Tiaret,True,700,True,500
14,14,Tiaret,تيارت,1442,Tidda,True,700,False,
14,14,Tiaret,تيارت,1426,Tousnina,True,700,False,
14,14,Tiaret,تيارت,1409,Zmalet El Emir Abdelkade,True,700,False,
15,15,Tizi Ouzou,تيزي وزو,1531,Abi Youcef,True,700,False,
15,15,Tizi Ouzou,تيزي وزو,1553,Aghribs,True,700,False,
15,15,Tizi Ouzou,تيزي وزو,1561,Agouni Gueghrane,True,700,False,
15,15,Tizi Ouzou,تيزي وزو,1502,Ain El Hammam,True,700,False,
15,15,Tizi Ouzou,تيزي وزو,1525,Ain Zaouia,True,700,False,
15,15,Tizi Ouzou,تيزي وزو,1535,Ait Aggouacha,True,700,False,
15,15,Tizi Ouzou,تيزي وزو,1565,Ait Bouaddou,True,700,False,
15,15,Tizi Ouzou,تيزي وزو,1530,Ait Boumehdi,True,700,False,
15,15,Tizi Ouzou,تيزي وزو,1513,Ait Chafaa,True,700,False,
15,15,Tizi Ouzou,تيزي وزو,1558,Ait Khellili,True,700,False,
15,15,Tizi Ouzou,تيزي وزو,1528,Ait Mahmoud,True,700,False,
15,15,Tizi Ouzou,تيزي وزو,1542,Ait Oumalou,True,700,False,
15,15,Tizi Ouzou,تيزي وزو,1567,Ait Toudert,True,700,False,
15,15,Tizi Ouzou,تيزي وزو,1527,Ait Yahia,True,700,False,
15,15,Tizi Ouzou,تيزي وزو,1556,Ait Yahia Moussa,True,700,False,
15,15,Tizi Ouzou,تيزي وزو,1503,Akbil,True,700,False,
15,15,Tizi Ouzou,تيزي وزو,1544,Akerrou,True,700,False,
15,15,Tizi Ouzou,تيزي وزو,1566,Assi Youcef,True,700,False,
15,15,Tizi Ouzou,تيزي وزو,1518,Azazga,True,700,False,
15,15,Tizi Ouzou,تيزي وزو,1537,Azeffoun,True,700,False,
15,15,Tizi Ouzou,تيزي وزو,1515,Beni Aissi,True,700,False,
15,15,Tizi Ouzou,تيزي وزو,1532,Beni Douala,True,700,False,
15,15,Tizi Ouzou,تيزي وزو,1552,Beni Yenni,True,700,False,
15,15,Tizi Ouzou,تيزي وزو,1546,Beni Zikki,True,700,False,
15,15,Tizi Ouzou,تيزي وزو,1516,Beni Zmenzer,True,700,False,
15,15,Tizi Ouzou,تيزي وزو,1540,Boghni,True,700,False,
15,15,Tizi Ouzou,تيزي وزو,1555,Boudjima,True,700,False,
15,15,Tizi Ouzou,تيزي وزو,1512,Bounouh,True,700,False,
15,15,Tizi Ouzou,تيزي وزو,1534,Bouzeguene,True,700,False,
15,15,Tizi Ouzou,تيزي وزو,1539,Djebel Aissa Mimoun,True,700,False,
15,15,Tizi Ouzou,تيزي وزو,1547,Draa Ben Khedda,True,700,False,
15,15,Tizi Ouzou,تيزي وزو,1510,Draa El Mizan,True,700,False,
15,15,Tizi Ouzou,تيزي وزو,1504,Freha,True,700,False,
15,15,Tizi Ouzou,تيزي وزو,1514,Frikat,True,700,False,
15,15,Tizi Ouzou,تيزي وزو,1560,Iboudrarene,True,700,False,
15,15,Tizi Ouzou,تيزي وزو,1549,Idjeur,True,700,False,
15,15,Tizi Ouzou,تيزي وزو,1517,Iferhounene,True,700,False,
15,15,Tizi Ouzou,تيزي وزو,1541,Ifigha,True,700,False,
15,15,Tizi Ouzou,تيزي وزو,1554,Iflissen,True,700,False,
15,15,Tizi Ouzou,تيزي وزو,1533,Illilten,True,700,False,
15,15,Tizi Ouzou,تيزي وزو,1519,Illoula Oumalou,True,700,False,
15,15,Tizi Ouzou,تيزي وزو,1563,Imsouhal,True,700,False,
15,15,Tizi Ouzou,تيزي وزو,1507,Irdjen,True,700,False,
15,15,Tizi Ouzou,تيزي وزو,1521,Larba Nath Irathen,True,700,False,
15,15,Tizi Ouzou,تيزي وزو,1568,Larbaa Nath Irathen,True,700,False,
15,15,Tizi Ouzou,تيزي وزو,1526,M'kira,True,700,False,
15,15,Tizi Ouzou,تيزي وزو,1529,Maatkas,True,700,False,
15,15,Tizi Ouzou,تيزي وزو,1509,Makouda,True,700,False,
15,15,Tizi Ouzou,تيزي وزو,1506,Mechtras,True,700,False,
15,15,Tizi Ouzou,تيزي وزو,1550,Mekla,True,700,False,
15,15,Tizi Ouzou,تيزي وزو,1562,Mizrana,True,700,False,
15,15,Tizi Ouzou,تيزي وزو,1548,Ouacif,True,700,False,
15,15,Tizi Ouzou,تيزي وزو,1536,Ouadhias,True,700,False,
15,15,Tizi Ouzou,تيزي وزو,1524,Ouaguenoune,True,700,False,
15,15,Tizi Ouzou,تيزي وزو,1559,Sidi Naamane,True,700,False,
15,15,Tizi Ouzou,تيزي وزو,1505,Souamaa,True,700,False,
15,15,Tizi Ouzou,تيزي وزو,1557,Souk El Thenine,True,700,False,
15,15,Tizi Ouzou,تيزي وزو,1564,Tadmait,True,700,False,
15,15,Tizi Ouzou,تيزي وزو,1538,Tigzirt,True,700,False,
15,15,Tizi Ouzou,تيزي وزو,1508,Timizart,True,700,False,
15,15,Tizi Ouzou,تيزي وزو,1543,Tirmitine,True,700,False,
15,15,Tizi Ouzou,تيزي وزو,1511,Tizi Ghenif,True,700,False,
15,15,Tizi Ouzou,تيزي وزو,1551,Tizi N'tleta,True,700,False,
15,15,Tizi Ouzou,تيزي وزو,1501,Tizi Ouzou,True,700,True,500
15,15,Tizi Ouzou,تيزي وزو,1522,Tizi Rached,True,700,False,
15,15,Tizi Ouzou,تيزي وزو,1520,Yakourene,True,700,False,
15,15,Tizi Ouzou,تيزي وزو,1545,Yatafene,True,700,False,
15,15,Tizi Ouzou,تيزي وزو,1523,Zekri,True,700,False,
16,16,Alger,الجزائر,1657,Ain Benian,True,700,False,
16,16,Alger,الجزائر,1641,Ain Taya,True,700,False,
16,16,Alger,الجزائر,1601,Alger Centre,True,700,False,
16,16,Alger,الجزائر,1605,Bab El Oued,True,700,False,
16,16,Alger,الجزائر,1621,Bab Ezzouar,True,700,True,500
16,16,Alger,الجزائر,1647,Baba Hesen,True,700,False,
16,16,Alger,الجزائر,1619,Bachedjerah,True,700,False,
16,16,Alger,الجزائر,1624,Bains Romains,True,700,False,
16,16,Alger,الجزائر,1614,Baraki,True,700,False,
16,16,Alger,الجزائر,1622,Ben Aknoun,True,700,False,
16,16,Alger,الجزائر,1632,Beni Messous,True,700,False,
16,16,Alger,الجزائر,1609,Bir Mourad Rais,True,700,False,
16,16,Alger,الجزائر,1636,Bir Touta,True,700,False,
16,16,Alger,الجزائر,1612,Birkhadem,True,700,False,
16,16,Alger,الجزائر,1606,Bologhine Ibnou Ziri,True,700,False,
16,16,Alger,الجزائر,1642,Bordj El Bahri,True,700,False,
16,16,Alger,الجزائر,1630,Bordj El Kiffan,True,700,False,
16,16,Alger,الجزائر,1616,Bourouba,True,700,False,
16,16,Alger,الجزائر,1611,Bouzareah,True,700,False,
16,16,Alger,الجزائر,1607,Casbah,True,700,False,
16,16,Alger,الجزائر,1652,Cheraga,True,700,False,
16,16,Alger,الجزائر,1620,Dar El Beida,True,700,False,
16,16,Alger,الجزائر,1623,Dely Ibrahim,True,700,False,
16,16,Alger,الجزائر,1626,Djasr Kasentina,True,700,False,
16,16,Alger,الجزائر,1648,Douira,True,700,False,
16,16,Alger,الجزائر,1649,Draria,True,700,False,
16,16,Alger,الجزائر,1654,El Achour,True,700,False,
16,16,Alger,الجزائر,1610,El Biar,True,700,False,
16,16,Alger,الجزائر,1613,El Harrach,True,700,False,
16,16,Alger,الجزائر,1603,El Madania,True,700,False,
16,16,Alger,الجزائر,1631,El Magharia,True,700,False,
16,16,Alger,الجزائر,1643,El Merssa,True,700,False,
16,16,Alger,الجزائر,1627,El Mouradia,True,700,False,
16,16,Alger,الجزائر,1639,Herraoua,True,700,False,
16,16,Alger,الجزائر,1617,Hussein Dey,True,700,False,
16,16,Alger,الجزائر,1628,Hydra,True,700,False,
16,16,Alger,الجزائر,1656,Kheraisia,True,700,False,
16,16,Alger,الجزائر,1618,Kouba,True,700,False,
16,16,Alger,الجزائر,1633,Les Eucalyptus,True,700,False,
16,16,Alger,الجزائر,1646,Maalma,True,700,False,
16,16,Alger,الجزائر,1604,Mohamed Belouzdad,True,700,False,
16,16,Alger,الجزائر,1629,Mohammadia,True,700,False,
16,16,Alger,الجزائر,1608,Oued Koriche,True,700,False,
16,16,Alger,الجزائر,1615,Oued Smar,True,700,False,
16,16,Alger,الجزائر,1635,Ouled Chebel,True,700,False,
16,16,Alger,الجزائر,1651,Ouled Fayet,True,700,False,
16,16,Alger,الجزائر,1650,Rahmania,True,700,False,
16,16,Alger,الجزائر,1625,Rais Hamidou,True,700,False,
16,16,Alger,الجزائر,1640,Reghaia,True,700,False,
16,16,Alger,الجزائر,1638,Rouiba,True,700,False,
16,16,Alger,الجزائر,1645,Sehaoula,True,700,False,
16,16,Alger,الجزائر,1653,Setaouali,True,700,False,
16,16,Alger,الجزائر,1602,Sidi M'hamed,True,700,False,
16,16,Alger,الجزائر,1637,Sidi Moussa,True,700,False,
16,16,Alger,الجزائر,1655,Souidania,True,700,False,
16,16,Alger,الجزائر,1634,Tessala El Merdja,True,700,False,
16,16,Alger,الجزائر,1644,Zeralda,True,700,False,
17,17,Djelfa,الجلفة,1723,Ain Chouhada,True,800,False,
17,17,Djelfa,الجلفة,1730,Ain El Ibel,True,800,False,
17,17,Djelfa,الجلفة,1735,Ain Fekka,True,800,False,
17,17,Djelfa,الجلفة,1705,Ain Maabed,True,800,False,
17,17,Djelfa,الجلفة,1731,Ain Oussera,True,800,False,
17,17,Djelfa,الجلفة,1734,Amourah,True,800,False,
17,17,Djelfa,الجلفة,1732,Benhar,True,800,False,
17,17,Djelfa,الجلفة,1727,Benyagoub,True,800,False,
17,17,Djelfa,الجلفة,1708,Birine,True,800,False,
17,17,Djelfa,الجلفة,1709,Bouira Lahdab,True,800,False,
17,17,Djelfa,الجلفة,1726,Charef,True,800,False,
17,17,Djelfa,الجلفة,1725,Dar Chioukh,True,800,False,
17,17,Djelfa,الجلفة,1729,Deldoul,True,800,False,
17,17,Djelfa,الجلفة,1701,Djelfa,True,800,True,500
17,17,Djelfa,الجلفة,1715,Douis,True,800,False,
17,17,Djelfa,الجلفة,1703,El Guedid,True,800,False,
17,17,Djelfa,الجلفة,1714,El Idrissia,True,800,False,
17,17,Djelfa,الجلفة,1711,El Khemis,True,800,False,
17,17,Djelfa,الجلفة,1707,Faidh El Botma,True,800,False,
17,17,Djelfa,الجلفة,1721,Guernini,True,800,False,
17,17,Djelfa,الجلفة,1718,Guettara,True,800,False,
17,17,Djelfa,الجلفة,1720,Had Sahary,True,800,False,
17,17,Djelfa,الجلفة,1704,Hassi Bahbah,True,800,False,
17,17,Djelfa,الجلفة,1716,Hassi El Euch,True,800,False,
17,17,Djelfa,الجلفة,1733,Hassi Fedoul,True,800,False,
17,17,Djelfa,الجلفة,1713,M Liliha,True,800,False,
17,17,Djelfa,الجلفة,1717,Messaad,True,800,False,
17,17,Djelfa,الجلفة,1702,Moudjebara,True,800,False,
17,17,Djelfa,الجلفة,1724,Oum Laadham,True,800,False,
17,17,Djelfa,الجلفة,1706,Sed Rahal,True,800,False,
17,17,Djelfa,الجلفة,1722,Selmana,True,800,False,
17,17,Djelfa,الجلفة,1712,Sidi Baizid,True,800,False,
17,17,Djelfa,الجلفة,1719,Sidi Ladjel,True,800,False,
17,17,Djelfa,الجلفة,1736,Tadmit,True,800,False,
17,17,Djelfa,الجلفة,1728,Zaafrane,True,800,False,
17,17,Djelfa,الجلفة,1710,Zaccar,True,800,False,
18,18,Jijel,جيجل,1826,Bordj Tahar,True,700,False,
18,18,Jijel,جيجل,1822,Boudria Beniyadjis,True,700,False,
18,18,Jijel,جيجل,1816,Bouraoui Belhadef,True,700,False,
18,18,Jijel,جيجل,1819,Boussif Ouled Askeur,True,700,False,
18,18,Jijel,جيجل,1808,Chahna,True,700,False,
18,18,Jijel,جيجل,1807,Chekfa,True,700,False,
18,18,Jijel,جيجل,1825,Djemaa Beni Habibi,True,700,False,
18,18,Jijel,جيجل,1817,Djimla,True,700,False,
18,18,Jijel,جيجل,1812,El Ancer,True,700,False,
18,18,Jijel,جيجل,1803,El Aouana,True,700,False,
18,18,Jijel,جيجل,1820,El Kennar Nouchfi,True,700,False,
18,18,Jijel,جيجل,1809,El Milia,True,700,False,
18,18,Jijel,جيجل,1806,Emir Abdelkader,True,700,False,
18,18,Jijel,جيجل,1802,Erraguene,True,700,False,
18,18,Jijel,جيجل,1815,Ghebala,True,700,False,
18,18,Jijel,جيجل,1801,Jijel,True,700,True,500
18,18,Jijel,جيجل,1823,Khiri Oued Adjoul,True,700,False,
18,18,Jijel,جيجل,1814,Kouas,True,700,False,
18,18,Jijel,جيجل,1828,Oudjana,True,700,False,
18,18,Jijel,جيجل,1827,Ouled Rabah,True,700,False,
18,18,Jijel,جيجل,1821,Ouled Yahia Khadrouch,True,700,False,
18,18,Jijel,جيجل,1818,Selma Benziada,True,700,False,
18,18,Jijel,جيجل,1811,Settara,True,700,False,
18,18,Jijel,جيجل,1813,Sidi Abdelaziz,True,700,False,
18,18,Jijel,جيجل,1810,Sidi Marouf,True,700,False,
18,18,Jijel,جيجل,1805,Taher,True,700,False,
18,18,Jijel,جيجل,1824,Texena,True,700,False,
18,18,Jijel,جيجل,1804,Ziama Mansouria,True,700,False,
19,19,Sétif,سطيف,1914,Ain Abessa,True,700,False,
19,19,Sétif,سطيف,1926,Ain Arnat,True,700,False,
19,19,Sétif,سطيف,1940,Ain Azel,True,700,False,
19,19,Sétif,سطيف,1902,Ain El Kebira,True,700,False,
19,19,Sétif,سطيف,1918,Ain Lahdjar,True,700,False,
19,19,Sétif,سطيف,1913,Ain Legradj,True,700,False,
19,19,Sétif,سطيف,1928,Ain Oulmane,True,700,False,
19,19,Sétif,سطيف,1906,Ain Roua,True,700,False,
19,19,Sétif,سطيف,1949,Ain Sebt,True,700,False,
19,19,Sétif,سطيف,1951,Ait Naoual Mezada,True,700,False,
19,19,Sétif,سطيف,1954,Ait Tizi,True,700,False,
19,19,Sétif,سطيف,1927,Amoucha,True,700,False,
19,19,Sétif,سطيف,1916,Babor,True,700,False,
19,19,Sétif,سطيف,1931,Bazer Sakra,True,700,False,
19,19,Sétif,سطيف,1929,Beidha Bordj,True,700,False,
19,19,Sétif,سطيف,1925,Bellaa,True,700,False,
19,19,Sétif,سطيف,1903,Beni Aziz,True,700,False,
19,19,Sétif,سطيف,1909,Beni Chebana,True,700,False,
19,19,Sétif,سطيف,1944,Beni Fouda,True,700,False,
19,19,Sétif,سطيف,1946,Beni Mouhli,True,700,False,
19,19,Sétif,سطيف,1922,Beni Ouartilane,True,700,False,
19,19,Sétif,سطيف,1953,Beni Oussine,True,700,False,
19,19,Sétif,سطيف,1908,Bir El Arch,True,700,False,
19,19,Sétif,سطيف,1934,Bir Haddada,True,700,False,
19,19,Sétif,سطيف,1930,Bouandas,True,700,False,
19,19,Sétif,سطيف,1943,Bougaa,True,700,False,
19,19,Sétif,سطيف,1919,Bousselam,True,700,False,
19,19,Sétif,سطيف,1905,Boutaleb,True,700,False,
19,19,Sétif,سطيف,1915,Dehamcha,True,700,False,
19,19,Sétif,سطيف,1921,Djemila,True,700,False,
19,19,Sétif,سطيف,1907,Draa Kebila,True,700,False,
19,19,Sétif,سطيف,1920,El Eulma,True,700,False,
19,19,Sétif,سطيف,1959,El Ouldja,True,700,False,
19,19,Sétif,سطيف,1937,El Ouricia,True,700,False,
19,19,Sétif,سطيف,1948,Guellal,True,700,False,
19,19,Sétif,سطيف,1956,Guelta Zerka,True,700,False,
19,19,Sétif,سطيف,1941,Guenzet,True,700,False,
19,19,Sétif,سطيف,1917,Guidjel,True,700,False,
19,19,Sétif,سطيف,1932,Hamam Soukhna,True,700,False,
19,19,Sétif,سطيف,1911,Hamma,True,700,False,
19,19,Sétif,سطيف,1950,Hammam Guergour,True,700,False,
19,19,Sétif,سطيف,1936,Harbil,True,700,False,
19,19,Sétif,سطيف,1952,Ksar El Abtal,True,700,False,
19,19,Sétif,سطيف,1912,Maaouia,True,700,False,
19,19,Sétif,سطيف,1955,Maouaklane,True,700,False,
19,19,Sétif,سطيف,1933,Mezloug,True,700,False,
19,19,Sétif,سطيف,1957,Oued El Barad,True,700,False,
19,19,Sétif,سطيف,1924,Ouled Addouane,True,700,False,
19,19,Sétif,سطيف,1947,Ouled Sabor,True,700,False,
19,19,Sétif,سطيف,1904,Ouled Si Ahmed,True,700,False,
19,19,Sétif,سطيف,1910,Ouled Tebben,True,700,False,
19,19,Sétif,سطيف,1923,Rosfa,True,700,False,
19,19,Sétif,سطيف,1939,Salah Bey,True,700,False,
19,19,Sétif,سطيف,1935,Serdj El Ghoul,True,700,False,
19,19,Sétif,سطيف,1901,Setif,True,700,True,500
19,19,Sétif,سطيف,1945,Tachouda,True,700,False,
19,19,Sétif,سطيف,1942,Tala Ifacene,True,700,False,
19,19,Sétif,سطيف,1958,Taya,True,700,False,
19,19,Sétif,سطيف,1960,Tella,True,700,False,
19,19,Sétif,سطيف,1938,Tizi N'bechar,True,700,False,
20,20,Saïda,سعيدة,2003,Ain El Hadjar,True,700,False,
20,20,Saïda,سعيدة,2013,Ain Sekhouna,True,700,False,
20,20,Saïda,سعيدة,2016,Ain Soltane,True,700,False,
20,20,Saïda,سعيدة,2002,Doui Thabet,True,700,False,
20,20,Saïda,سعيدة,2010,El Hassasna,True,700,False,
20,20,Saïda,سعيدة,2007,Hounet,True,700,False,
20,20,Saïda,سعيدة,2011,Maamora,True,700,False,
20,20,Saïda,سعيدة,2005,Moulay Larbi,True,700,False,
20,20,Saïda,سعيدة,2014,Ouled Brahim,True,700,False,
20,20,Saïda,سعيدة,2004,Ouled Khaled,True,700,False,
20,20,Saïda,سعيدة,2001,Saida,True,700,True,500
20,20,Saïda,سعيدة,2012,Sidi Ahmed,True,700,False,
20,20,Saïda,سعيدة,2008,Sidi Amar,True,700,False,
20,20,Saïda,سعيدة,2009,Sidi Boubekeur,True,700,False,
20,20,Saïda,سعيدة,2015,Tircine,True,700,False,
20,20,Saïda,سعيدة,2006,Youb,True,700,False,
21,21,Skikda,سكيكدة,2122,Ain Bouziane,True,700,False,
21,21,Skikda,سكيكدة,2106,Ain Charchar,True,700,False,
21,21,Skikda,سكيكدة,2127,Ain Kechera,True,700,False,
21,21,Skikda,سكيكدة,2102,Ain Zouit,True,700,False,
21,21,Skikda,سكيكدة,2104,Azzaba,True,700,False,
21,21,Skikda,سكيكدة,2107,Bekkouche Lakhdar,True,700,False,
21,21,Skikda,سكيكدة,2108,Ben Azzouz,True,700,False,
21,21,Skikda,سكيكدة,2124,Beni Bechir,True,700,False,
21,21,Skikda,سكيكدة,2121,Beni Oulbane,True,700,False,
21,21,Skikda,سكيكدة,2111,Beni Zid,True,700,False,
21,21,Skikda,سكيكدة,2129,Bin El Ouiden,True,700,False,
21,21,Skikda,سكيكدة,2134,Bouchetata,True,700,False,
21,21,Skikda,سكيكدة,2131,Cheraia,True,700,False,
21,21,Skikda,سكيكدة,2110,Collo,True,700,False,
21,21,Skikda,سكيكدة,2105,Djendel Saadi Mohamed,True,700,False,
21,21,Skikda,سكيكدة,2116,El Arrouch,True,700,False,
21,21,Skikda,سكيكدة,2133,El Ghedir,True,700,False,
21,21,Skikda,سكيكدة,2103,El Hadaiek,True,700,False,
21,21,Skikda,سكيكدة,2138,El Marsa,True,700,False,
21,21,Skikda,سكيكدة,2120,Emjez Edchich,True,700,False,
21,21,Skikda,سكيكدة,2109,Es Sebt,True,700,False,
21,21,Skikda,سكيكدة,2130,Filfila,True,700,False,
21,21,Skikda,سكيكدة,2137,Hamadi Krouma,True,700,False,
21,21,Skikda,سكيكدة,2132,Kanoua,True,700,False,
21,21,Skikda,سكيكدة,2112,Kerkera,True,700,False,
21,21,Skikda,سكيكدة,2136,Khenag Mayoum,True,700,False,
21,21,Skikda,سكيكدة,2114,Oued Zhour,True,700,False,
21,21,Skikda,سكيكدة,2135,Ouldja Boulbalout,True,700,False,
21,21,Skikda,سكيكدة,2113,Ouled Attia,True,700,False,
21,21,Skikda,سكيكدة,2118,Ouled Habbeba,True,700,False,
21,21,Skikda,سكيكدة,2128,Oum Toub,True,700,False,
21,21,Skikda,سكيكدة,2123,Ramdane Djamel,True,700,False,
21,21,Skikda,سكيكدة,2125,Salah Bouchaour,True,700,False,
21,21,Skikda,سكيكدة,2119,Sidi Mezghiche,True,700,False,
21,21,Skikda,سكيكدة,2101,Skikda,True,700,True,500
21,21,Skikda,سكيكدة,2126,Tamalous,True,700,False,
21,21,Skikda,سكيكدة,2117,Zerdezas,True,700,False,
21,21,Skikda,سكيكدة,2115,Zitouna,True,700,False,
22,22,Sidi Bel Abbès,سيدي بلعباس,2230,Ain Adden,True,700,False,
22,22,Sidi Bel Abbès,سيدي بلعباس,2228,Ain El Berd,True,700,False,
22,22,Sidi Bel Abbès,سيدي بلعباس,2225,Ain Kada,True,700,False,
22,22,Sidi Bel Abbès,سيدي بلعباس,2215,Ain Thrid,True,700,False,
22,22,Sidi Bel Abbès,سيدي بلعباس,2224,Ain Tindamine,True,700,False,
22,22,Sidi Bel Abbès,سيدي بلعباس,2212,Amarnas,True,700,False,
22,22,Sidi Bel Abbès,سيدي بلعباس,2209,Badredine El Mokrani,True,700,False,
22,22,Sidi Bel Abbès,سيدي بلعباس,2242,Belarbi,True,700,False,
22,22,Sidi Bel Abbès,سيدي بلعباس,2245,Ben Badis,True,700,False,
22,22,Sidi Bel Abbès,سيدي بلعباس,2251,Benachiba Chelia,True,700,False,
22,22,Sidi Bel Abbès,سيدي بلعباس,2248,Bir El Hammam,True,700,False,
22,22,Sidi Bel Abbès,سيدي بلعباس,2238,Boudjebaa El Bordj,True,700,False,
22,22,Sidi Bel Abbès,سيدي بلعباس,2207,Boukhanafis,True,700,False,
22,22,Sidi Bel Abbès,سيدي بلعباس,2247,Chetouane Belaila,True,700,False,
22,22,Sidi Bel Abbès,سيدي بلعباس,2232,Dhaya,True,700,False,
22,22,Sidi Bel Abbès,سيدي بلعباس,2219,El Hacaiba,True,700,False,
22,22,Sidi Bel Abbès,سيدي بلعباس,2252,Hassi Dahou,True,700,False,
22,22,Sidi Bel Abbès,سيدي بلعباس,2220,Hassi Zahana,True,700,False,
22,22,Sidi Bel Abbès,سيدي بلعباس,2234,Lamtar,True,700,False,
22,22,Sidi Bel Abbès,سيدي بلعباس,2226,M'cid,True,700,False,
22,22,Sidi Bel Abbès,سيدي بلعباس,2216,Makedra,True,700,False,
22,22,Sidi Bel Abbès,سيدي بلعباس,2210,Marhoum,True,700,False,
22,22,Sidi Bel Abbès,سيدي بلعباس,2222,Merine,True,700,False,
22,22,Sidi Bel Abbès,سيدي بلعباس,2206,Mezaourou,True,700,False,
22,22,Sidi Bel Abbès,سيدي بلعباس,2204,Mostefa Ben Brahim,True,700,False,
22,22,Sidi Bel Abbès,سيدي بلعباس,2218,Moulay Slissen,True,700,False,
22,22,Sidi Bel Abbès,سيدي بلعباس,2237,Oued Sebaa,True,700,False,
22,22,Sidi Bel Abbès,سيدي بلعباس,2243,Oued Sefioun,True,700,False,
22,22,Sidi Bel Abbès,سيدي بلعباس,2231,Oued Taourira,True,700,False,
22,22,Sidi Bel Abbès,سيدي بلعباس,2223,Ras El Ma,True,700,False,
22,22,Sidi Bel Abbès,سيدي بلعباس,2250,Redjem Demouche,True,700,False,
22,22,Sidi Bel Abbès,سيدي بلعباس,2239,Sehala Thaoura,True,700,False,
22,22,Sidi Bel Abbès,سيدي بلعباس,2229,Sfissef,True,700,False,
22,22,Sidi Bel Abbès,سيدي بلعباس,2246,Sidi Ali Benyoub,True,700,False,
22,22,Sidi Bel Abbès,سيدي بلعباس,2208,Sidi Ali Boussidi,True,700,False,
22,22,Sidi Bel Abbès,سيدي بلعباس,2201,Sidi Bel Abbes,True,700,True,500
22,22,Sidi Bel Abbès,سيدي بلعباس,2203,Sidi Brahim,True,700,False,
22,22,Sidi Bel Abbès,سيدي بلعباس,2235,Sidi Chaib,True,700,False,
22,22,Sidi Bel Abbès,سيدي بلعباس,2236,Sidi Dahou Zairs,True,700,False,
22,22,Sidi Bel Abbès,سيدي بلعباس,2241,Sidi Hamadouche,True,700,False,
22,22,Sidi Bel Abbès,سيدي بلعباس,2227,Sidi Khaled,True,700,False,
22,22,Sidi Bel Abbès,سيدي بلعباس,2214,Sidi Lahcene,True,700,False,
22,22,Sidi Bel Abbès,سيدي بلعباس,2240,Sidi Yacoub,True,700,False,
22,22,Sidi Bel Abbès,سيدي بلعباس,2221,Tabia,True,700,False,
22,22,Sidi Bel Abbès,سيدي بلعباس,2211,Tafissour,True,700,False,
22,22,Sidi Bel Abbès,سيدي بلعباس,2249,Taoudmout,True,700,False,
22,22,Sidi Bel Abbès,سيدي بلعباس,2244,Teghalimet,True,700,False,
22,22,Sidi Bel Abbès,سيدي بلعباس,2205,Telagh,True,700,False,
22,22,Sidi Bel Abbès,سيدي بلعباس,2217,Tenira,True,700,False,
22,22,Sidi Bel Abbès,سيدي بلعباس,2202,Tessala,True,700,False,
22,22,Sidi Bel Abbès,سيدي بلعباس,2213,Tilmouni,True,700,False,
22,22,Sidi Bel Abbès,سيدي بلعباس,2233,Zerouala,True,700,False,
23,23,Annaba,عنابة,2309,Ain Berda,True,700,False,
23,23,Annaba,عنابة,2301,Annaba,True,700,True,500
23,23,Annaba,عنابة,2302,Berrahel,True,700,False,
23,23,Annaba,عنابة,2310,Chetaibi,True,700,False,
23,23,Annaba,عنابة,2307,Cheurfa,True,700,False,
23,23,Annaba,عنابة,2305,El Bouni,True,700,False,
23,23,Annaba,عنابة,2303,El Hadjar,True,700,False,
23,23,Annaba,عنابة,2304,Eulma,True,700,False,
23,23,Annaba,عنابة,2306,Oued El Aneb,True,700,False,
23,23,Annaba,عنابة,2308,Seraidi,True,700,False,
23,23,Annaba,عنابة,2311,Sidi Amar,True,700,False,
23,23,Annaba,عنابة,2312,Treat,True,700,False,
24,24,Guelma,قالمة,2414,Ain Ben Beida,True,700,False,
24,24,Guelma,قالمة,2427,Ain Hessania,True,700,False,
24,24,Guelma,قالمة,2423,Ain Larbi,True,700,False,
24,24,Guelma,قالمة,2413,Ain Makhlouf,True,700,False,
24,24,Guelma,قالمة,2432,Ain Reggada,True,700,False,
24,24,Guelma,قالمة,2410,Belkheir,True,700,False,
24,24,Guelma,قالمة,2411,Ben Djarah,True,700,False,
24,24,Guelma,قالمة,2416,Beni Mezline,True,700,False,
24,24,Guelma,قالمة,2421,Bordj Sabat,True,700,False,
24,24,Guelma,قالمة,2417,Bou Hachana,True,700,False,
24,24,Guelma,قالمة,2412,Bou Hamdane,True,700,False,
24,24,Guelma,قالمة,2403,Bouati Mahmoud,True,700,False,
24,24,Guelma,قالمة,2425,Bouchegouf,True,700,False,
24,24,Guelma,قالمة,2431,Bouhamra Ahmed,True,700,False,
24,24,Guelma,قالمة,2409,Dahouara,True,700,False,
24,24,Guelma,قالمة,2434,Djeballah Khemissi,True,700,False,
24,24,Guelma,قالمة,2420,El Fedjoudj,True,700,False,
24,24,Guelma,قالمة,2418,Guelaat Bou Sbaa,True,700,False,
24,24,Guelma,قالمة,2401,Guelma,True,700,True,500
24,24,Guelma,قالمة,2419,Hamam Debagh,True,700,False,
24,24,Guelma,قالمة,2422,Hammam N'bail,True,700,False,
24,24,Guelma,قالمة,2426,Heliopolis,True,700,False,
24,24,Guelma,قالمة,2415,Khezara,True,700,False,
24,24,Guelma,قالمة,2424,Medjez Amar,True,700,False,
24,24,Guelma,قالمة,2430,Medjez Sfa,True,700,False,
24,24,Guelma,قالمة,2402,Nechmaya,True,700,False,
24,24,Guelma,قالمة,2433,Oued Cheham,True,700,False,
24,24,Guelma,قالمة,2406,Oued Fragha,True,700,False,
24,24,Guelma,قالمة,2404,Oued Zenati,True,700,False,
24,24,Guelma,قالمة,2408,Ras El Agba,True,700,False,
24,24,Guelma,قالمة,2428,Roknia,True,700,False,
24,24,Guelma,قالمة,2429,Sellaoua Announa,True,700,False,
24,24,Guelma,قالمة,2407,Sidi Sandel,True,700,False,
24,24,Guelma,قالمة,2405,Tamlouka,True,700,False,
25,25,Constantine,قسنطينة,2507,Ain Abid,True,700,False,
25,25,Constantine,قسنطينة,2510,Ain Smara,True,700,False,
25,25,Constantine,قسنطينة,2503,Ben Badis,True,700,False,
25,25,Constantine,قسنطينة,2508,Beni Hamidene,True,700,False,
25,25,Constantine,قسنطينة,2501,Constantine,True,700,False,
25,25,Constantine,قسنطينة,2505,Didouche Mourad,True,700,False,
25,25,Constantine,قسنطينة,2506,El Khroub,True,700,True,500
25,25,Constantine,قسنطينة,2502,Hamma Bouziane,True,700,False,
25,25,Constantine,قسنطينة,2512,Ibn Ziad,True,700,False,
25,25,Constantine,قسنطينة,2511,Messaoud Boujeriou,True,700,False,
25,25,Constantine,قسنطينة,2509,Ouled Rahmouni,True,700,False,
25,25,Constantine,قسنطينة,2504,Zighoud Youcef,True,700,False,
26,26,Médéa,المدية,2604,Ain Boucif,True,700,False,
26,26,Médéa,المدية,2641,Ain Ouksir,True,700,False,
26,26,Médéa,المدية,2605,Aissaouia,True,700,False,
26,26,Médéa,المدية,2632,Aziz,True,700,False,
26,26,Médéa,المدية,2624,Baata,True,700,False,
26,26,Médéa,المدية,2630,Ben Chicao,True,700,False,
26,26,Médéa,المدية,2646,Beni Slimane,True,700,False,
26,26,Médéa,المدية,2647,Berrouaghia,True,700,False,
26,26,Médéa,المدية,2656,Bir Ben Laabed,True,700,False,
26,26,Médéa,المدية,2625,Boghar,True,700,False,
26,26,Médéa,المدية,2610,Bouaiche,True,700,False,
26,26,Médéa,المدية,2659,Bouaichoune,True,700,False,
26,26,Médéa,المدية,2621,Bouchrahil,True,700,False,
26,26,Médéa,المدية,2651,Boughzoul,True,700,False,
26,26,Médéa,المدية,2619,Bouskene,True,700,False,
26,26,Médéa,المدية,2638,Chabounia,True,700,False,
26,26,Médéa,المدية,2618,Chelalet El Adhaoura,True,700,False,
26,26,Médéa,المدية,2640,Cheniguel,True,700,False,
26,26,Médéa,المدية,2613,Damiat,True,700,False,
26,26,Médéa,المدية,2608,Derrag,True,700,False,
26,26,Médéa,المدية,2653,Deux Bassins,True,700,False,
26,26,Médéa,المدية,2637,Djouab,True,700,False,
26,26,Médéa,المدية,2654,Draa Essamar,True,700,False,
26,26,Médéa,المدية,2636,El Azizia,True,700,False,
26,26,Médéa,المدية,2609,El Guelbelkebir,True,700,False,
26,26,Médéa,المدية,2616,El Hamdania,True,700,False,
26,26,Médéa,المدية,2607,El Omaria,True,700,False,
26,26,Médéa,المدية,2657,El Ouinet,True,700,False,
26,26,Médéa,المدية,2660,Hannacha,True,700,False,
26,26,Médéa,المدية,2617,Kef Lakhdar,True,700,False,
26,26,Médéa,المدية,2663,Khams Djouamaa,True,700,False,
26,26,Médéa,المدية,2635,Ksar El Boukhari,True,700,False,
26,26,Médéa,المدية,2639,Maghraoua,True,700,False,
26,26,Médéa,المدية,2601,Medea,True,700,True,500
26,26,Médéa,المدية,2662,Medjebar,True,700,False,
26,26,Médéa,المدية,2649,Meftaha,True,700,False,
26,26,Médéa,المدية,2611,Mezerana,True,700,False,
26,26,Médéa,المدية,2650,Mihoub,True,700,False,
26,26,Médéa,المدية,2643,Ouamri,True,700,False,
26,26,Médéa,المدية,2629,Oued Harbil,True,700,False,
26,26,Médéa,المدية,2658,Ouled Antar,True,700,False,
26,26,Médéa,المدية,2627,Ouled Bouachra,True,700,False,
26,26,Médéa,المدية,2612,Ouled Brahim,True,700,False,
26,26,Médéa,المدية,2606,Ouled Deid,True,700,False,
26,26,Médéa,المدية,2622,Ouled Hellal,True,700,False,
26,26,Médéa,المدية,2603,Ouled Maaref,True,700,False,
26,26,Médéa,المدية,2642,Oum El Djellil,True,700,False,
26,26,Médéa,المدية,2602,Ouzera,True,700,False,
26,26,Médéa,المدية,2620,Rebaia,True,700,False,
26,26,Médéa,المدية,2664,Saneg,True,700,False,
26,26,Médéa,المدية,2661,Sedraya,True,700,False,
26,26,Médéa,المدية,2648,Seghouane,True,700,False,
26,26,Médéa,المدية,2644,Si Mahdjoub,True,700,False,
26,26,Médéa,المدية,2631,Sidi Demed,True,700,False,
26,26,Médéa,المدية,2626,Sidi Naamane,True,700,False,
26,26,Médéa,المدية,2655,Sidi Rabie,True,700,False,
26,26,Médéa,المدية,2628,Sidi Zahar,True,700,False,
26,26,Médéa,المدية,2614,Sidi Ziane,True,700,False,
26,26,Médéa,المدية,2633,Souagui,True,700,False,
26,26,Médéa,المدية,2652,Tablat,True,700,False,
26,26,Médéa,المدية,2623,Tafraout,True,700,False,
26,26,Médéa,المدية,2615,Tamesguida,True,700,False,
26,26,Médéa,المدية,2645,Tletat Ed Douair,True,700,False,
26,26,Médéa,المدية,2634,Zoubiria,True,700,False,
27,27,Mostaganem,مستغانم,2717,Achaacha,True,700,False,
27,27,Mostaganem,مستغانم,2728,Ain Boudinar,True,700,False,
27,27,Mostaganem,مستغانم,2705,Ain Nouissy,True,700,False,
27,27,Mostaganem,مستغانم,2721,Ain Sidi Cherif,True,700,False,
27,27,Mostaganem,مستغانم,2707,Ain Tedles,True,700,False,
27,27,Mostaganem,مستغانم,2713,Benabdelmalek Ramdane,True,700,False,
27,27,Mostaganem,مستغانم,2719,Bouguirat,True,700,False,
27,27,Mostaganem,مستغانم,2703,Fornaka,True,700,False,
27,27,Mostaganem,مستغانم,2714,Hadjadj,True,700,False,
27,27,Mostaganem,مستغانم,2706,Hassi Mameche,True,700,False,
27,27,Mostaganem,مستغانم,2732,Hassiane,True,700,False,
27,27,Mostaganem,مستغانم,2718,Khadra,True,700,False,
27,27,Mostaganem,مستغانم,2711,Kheir Eddine,True,700,False,
27,27,Mostaganem,مستغانم,2723,Mansourah,True,700,False,
27,27,Mostaganem,مستغانم,2727,Mazagran,True,700,False,
27,27,Mostaganem,مستغانم,2722,Mesra,True,700,False,
27,27,Mostaganem,مستغانم,2701,Mostaganem,True,700,True,500
27,27,Mostaganem,مستغانم,2715,Nekmaria,True,700,False,
27,27,Mostaganem,مستغانم,2709,Oued El Kheir,True,700,False,
27,27,Mostaganem,مستغانم,2725,Ouled Boughalem,True,700,False,
27,27,Mostaganem,مستغانم,2726,Ouled Maalah,True,700,False,
27,27,Mostaganem,مستغانم,2730,Safsaf,True,700,False,
27,27,Mostaganem,مستغانم,2702,Sayada,True,700,False,
27,27,Mostaganem,مستغانم,2712,Sidi Ali,True,700,False,
27,27,Mostaganem,مستغانم,2710,Sidi Belaattar,True,700,False,
27,27,Mostaganem,مستغانم,2716,Sidi Lakhdar,True,700,False,
27,27,Mostaganem,مستغانم,2720,Sirat,True,700,False,
27,27,Mostaganem,مستغانم,2724,Souaflia,True,700,False,
27,27,Mostaganem,مستغانم,2708,Sour,True,700,False,
27,27,Mostaganem,مستغانم,2704,Stidia,True,700,False,
27,27,Mostaganem,مستغانم,2729,Tazgait,True,700,False,
27,27,Mostaganem,مستغانم,2731,Touahria,True,700,False,
28,28,M'Sila,المسيلة,2817,Ain El Hadjel,True,550,False,
28,28,M'Sila,المسيلة,2841,Ain El Melh,True,550,False,
28,28,M'Sila,المسيلة,2837,Ain Fares,True,550,False,
28,28,M'Sila,المسيلة,2813,Ain Khadra,True,550,False,
28,28,M'Sila,المسيلة,2844,Ain Rich,True,550,False,
28,28,M'Sila,المسيلة,2815,Belaiba,True,550,False,
28,28,M'Sila,المسيلة,2824,Ben Srour,True,550,False,
28,28,M'Sila,المسيلة,2845,Beni Ilmane,True,550,False,
28,28,M'Sila,المسيلة,2835,Benzouh,True,550,False,
28,28,M'Sila,المسيلة,2812,Berhoum,True,550,False,
28,28,M'Sila,المسيلة,2836,Bir Foda,True,550,False,
28,28,M'Sila,المسيلة,2820,Bou Saada,True,550,False,
28,28,M'Sila,المسيلة,2831,Bouti Sayeh,True,550,False,
28,28,M'Sila,المسيلة,2809,Chellal,True,550,False,
28,28,M'Sila,المسيلة,2830,Dehahna,True,550,False,
28,28,M'Sila,المسيلة,2847,Djebel Messaad,True,550,False,
28,28,M'Sila,المسيلة,2827,El Hamel,True,550,False,
28,28,M'Sila,المسيلة,2826,El Houamed,True,550,False,
28,28,M'Sila,المسيلة,2803,Hammam Dalaa,True,550,False,
28,28,M'Sila,المسيلة,2832,Khettouti Sed El Jir,True,550,False,
28,28,M'Sila,المسيلة,2807,Khoubana,True,550,False,
28,28,M'Sila,المسيلة,2808,M'cif,True,550,False,
28,28,M'Sila,المسيلة,2801,M'sila,True,550,True,400
28,28,M'Sila,المسيلة,2806,M'tarfa,True,550,False,
28,28,M'Sila,المسيلة,2802,Maadid,True,550,False,
28,28,M'Sila,المسيلة,2829,Maarif,True,550,False,
28,28,M'Sila,المسيلة,2811,Magra,True,550,False,
28,28,M'Sila,المسيلة,2842,Medjedel,True,550,False,
28,28,M'Sila,المسيلة,2839,Menaa,True,550,False,
28,28,M'Sila,المسيلة,2834,Mohamed Boudiaf,True,550,False,
28,28,M'Sila,المسيلة,2819,Ouanougha,True,550,False,
28,28,M'Sila,المسيلة,2814,Ouled Addi Guebala,True,550,False,
28,28,M'Sila,المسيلة,2804,Ouled Derradj,True,550,False,
28,28,M'Sila,المسيلة,2810,Ouled Madhi,True,550,False,
28,28,M'Sila,المسيلة,2828,Ouled Mansour,True,550,False,
28,28,M'Sila,المسيلة,2821,Ouled Sidi Brahim,True,550,False,
28,28,M'Sila,المسيلة,2825,Ouled Slimane,True,550,False,
28,28,M'Sila,المسيلة,2846,Oulteme,True,550,False,
28,28,M'Sila,المسيلة,2816,Sidi Aissa,True,550,False,
28,28,M'Sila,المسيلة,2822,Sidi Ameur,True,550,False,
28,28,M'Sila,المسيلة,2818,Sidi Hadjeres,True,550,False,
28,28,M'Sila,المسيلة,2838,Sidi M'hamed,True,550,False,
28,28,M'Sila,المسيلة,2843,Slim,True,550,False,
28,28,M'Sila,المسيلة,2840,Souamaa,True,550,False,
28,28,M'Sila,المسيلة,2823,Tamsa,True,550,False,
28,28,M'Sila,المسيلة,2805,Tarmount,True,550,False,
28,28,M'Sila,المسيلة,2833,Zarzour,True,550,False,
29,29,Mascara,معسكر,2924,Ain Fares,True,700,False,
29,29,Mascara,معسكر,2918,Ain Fekan,True,700,False,
29,29,Mascara,معسكر,2911,Ain Ferah,True,700,False,
29,29,Mascara,معسكر,2925,Ain Frass,True,700,False,
29,29,Mascara,معسكر,2928,Alaimia,True,700,False,
29,29,Mascara,معسكر,2923,Aouf,True,700,False,
29,29,Mascara,معسكر,2919,Benian,True,700,False,
29,29,Mascara,معسكر,2937,Bou Henni,True,700,False,
29,29,Mascara,معسكر,2902,Bouhanifia,True,700,False,
29,29,Mascara,معسكر,2943,Chorfa,True,700,False,
29,29,Mascara,معسكر,2917,El Bordj,True,700,False,
29,29,Mascara,معسكر,2929,El Gaada,True,700,False,
29,29,Mascara,معسكر,2934,El Ghomri,True,700,False,
29,29,Mascara,معسكر,2938,El Gueitena,True,700,False,
29,29,Mascara,معسكر,2907,El Hachem,True,700,False,
29,29,Mascara,معسكر,2940,El Keurt,True,700,False,
29,29,Mascara,معسكر,2939,El Mamounia,True,700,False,
29,29,Mascara,معسكر,2921,El Menaouer,True,700,False,
29,29,Mascara,معسكر,2933,Ferraguig,True,700,False,
29,29,Mascara,معسكر,2913,Froha,True,700,False,
29,29,Mascara,معسكر,2941,Gharrous,True,700,False,
29,29,Mascara,معسكر,2912,Ghriss,True,700,False,
29,29,Mascara,معسكر,2942,Guerdjoum,True,700,False,
29,29,Mascara,معسكر,2904,Hacine,True,700,False,
29,29,Mascara,معسكر,2920,Khalouia,True,700,False,
29,29,Mascara,معسكر,2915,Makhda,True,700,False,
29,29,Mascara,معسكر,2905,Maoussa,True,700,False,
29,29,Mascara,معسكر,2901,Mascara,True,700,True,500
29,29,Mascara,معسكر,2914,Matemore,True,700,False,
29,29,Mascara,معسكر,2936,Mocta Douz,True,700,False,
29,29,Mascara,معسكر,2931,Mohammadia,True,700,False,
29,29,Mascara,معسكر,2945,Nesmot,True,700,False,
29,29,Mascara,معسكر,2927,Oggaz,True,700,False,
29,29,Mascara,معسكر,2910,Oued El Abtal,True,700,False,
29,29,Mascara,معسكر,2922,Oued Taria,True,700,False,
29,29,Mascara,معسكر,2944,Ras El Ain Amirouche,True,700,False,
29,29,Mascara,معسكر,2935,Sedjerara,True,700,False,
29,29,Mascara,معسكر,2947,Sehailia,True,700,False,
29,29,Mascara,معسكر,2946,Sidi Abdeldjebar,True,700,False,
29,29,Mascara,معسكر,2932,Sidi Abdelmoumene,True,700,False,
29,29,Mascara,معسكر,2916,Sidi Boussaid,True,700,False,
29,29,Mascara,معسكر,2908,Sidi Kada,True,700,False,
29,29,Mascara,معسكر,2926,Sig,True,700,False,
29,29,Mascara,معسكر,2906,Tighennif,True,700,False,
29,29,Mascara,معسكر,2903,Tizi,True,700,False,
29,29,Mascara,معسكر,2930,Zahana,True,700,False,
29,29,Mascara,معسكر,2909,Zelamta,True,700,False,
30,30,Ouargla,ورقلة,3002,Ain Beida,True,950,False,
30,30,Ouargla,ورقلة,3021,El Borma,True,950,False,
30,30,Ouargla,ورقلة,3012,Hassi Ben Abdellah,True,950,False,
30,30,Ouargla,ورقلة,3004,Hassi Messaoud,True,950,False,
30,30,Ouargla,ورقلة,3003,N'goussa,True,950,False,
30,30,Ouargla,ورقلة,3001,Ouargla,True,950,True,550
30,30,Ouargla,ورقلة,3005,Rouissat,True,950,False,
30,30,Ouargla,ورقلة,3011,Sidi Khouiled,True,950,False,
31,31,Oran,وهران,3126,Ain Biya,True,700,False,
31,31,Oran,وهران,3125,Ain Kerma,True,700,False,
31,31,Oran,وهران,3109,Ain Turk,True,700,False,
31,31,Oran,وهران,3106,Arzew,True,700,False,
31,31,Oran,وهران,3120,Ben Freha,True,700,False,
31,31,Oran,وهران,3107,Bethioua,True,700,False,
31,31,Oran,وهران,3103,Bir El Djir,True,700,False,
31,31,Oran,وهران,3114,Boufatis,True,700,False,
31,31,Oran,وهران,3116,Bousfer,True,700,False,
31,31,Oran,وهران,3124,Boutlelis,True,700,False,
31,31,Oran,وهران,3110,El Ancar,True,700,False,
31,31,Oran,وهران,3118,El Braya,True,700,False,
31,31,Oran,وهران,3117,El Kerma,True,700,False,
31,31,Oran,وهران,3105,Es Senia,True,700,False,
31,31,Oran,وهران,3102,Gdyel,True,700,False,
31,31,Oran,وهران,3119,Hassi Ben Okba,True,700,False,
31,31,Oran,وهران,3104,Hassi Bounif,True,700,False,
31,31,Oran,وهران,3121,Hassi Mefsoukh,True,700,False,
31,31,Oran,وهران,3108,Marsat El Hadjadj,True,700,False,
31,31,Oran,وهران,3115,Mers El Kebir,True,700,False,
31,31,Oran,وهران,3123,Messerghin,True,700,False,
31,31,Oran,وهران,3101,Oran,True,700,True,500
31,31,Oran,وهران,3111,Oued Tlelat,True,700,False,
31,31,Oran,وهران,3122,Sidi Ben Yebka,True,700,False,
31,31,Oran,وهران,3113,Sidi Chami,True,700,False,
31,31,Oran,وهران,3112,Tafraoui,True,700,False,
32,32,El Bayadh,البيض,3208,Ain El Orak,True,950,False,
32,32,El Bayadh,البيض,3209,Arbaouat,True,950,False,
32,32,El Bayadh,البيض,3206,Boualem,True,950,False,
32,32,El Bayadh,البيض,3210,Bougtoub,True,950,False,
32,32,El Bayadh,البيض,3213,Boussemghoun,True,950,False,
32,32,El Bayadh,البيض,3204,Brezina,True,950,False,
32,32,El Bayadh,البيض,3217,Cheguig,True,950,False,
32,32,El Bayadh,البيض,3214,Chellala,True,950,False,
32,32,El Bayadh,البيض,3201,El Bayadh,True,950,True,550
32,32,El Bayadh,البيض,3207,El Biodh Sidi Cheikh,True,950,False,
32,32,El Bayadh,البيض,3216,El Bnoud,True,950,False,
32,32,El Bayadh,البيض,3211,El Kheither,True,950,False,
32,32,El Bayadh,البيض,3219,El Mehara,True,950,False,
32,32,El Bayadh,البيض,3205,Ghassoul,True,950,False,
32,32,El Bayadh,البيض,3212,Kef El Ahmar,True,950,False,
32,32,El Bayadh,البيض,3215,Krakda,True,950,False,
32,32,El Bayadh,البيض,3202,Rogassa,True,950,False,
32,32,El Bayadh,البيض,3218,Sidi Ameur,True,950,False,
32,32,El Bayadh,البيض,3221,Sidi Slimane,True,950,False,
32,32,El Bayadh,البيض,3222,Sidi Tifour,True,950,False,
32,32,El Bayadh,البيض,3203,Stitten,True,950,False,
32,32,El Bayadh,البيض,3220,Tousmouline,True,950,False,
33,33,Illizi,إليزي,3304,Bordj Omar Driss,True,1700,False,
33,33,Illizi,إليزي,3303,Debdeb,True,1700,False,
33,33,Illizi,إليزي,3301,Illizi,True,1700,True,800
33,33,Illizi,إليزي,3306,In Amenas,True,1700,False,
34,34,Bordj Bou Arreridj,برج بوعريريج,3408,Ain Taghrout,True,700,False,
34,34,Bordj Bou Arreridj,برج بوعريريج,3430,Ain Tesra,True,700,False,
34,34,Bordj Bou Arreridj,برج بوعريريج,3412,Belimour,True,700,False,
34,34,Bordj Bou Arreridj,برج بوعريريج,3406,Ben Daoud,True,700,False,
34,34,Bordj Bou Arreridj,برج بوعريريج,3431,Bir Kasdali,True,700,False,
34,34,Bordj Bou Arreridj,برج بوعريريج,3401,Bordj Bou Arreridj,True,700,True,500
34,34,Bordj Bou Arreridj,برج بوعريريج,3409,Bordj Ghdir,True,700,False,
34,34,Bordj Bou Arreridj,برج بوعريريج,3403,Bordj Zemora,True,700,False,
34,34,Bordj Bou Arreridj,برج بوعريريج,3425,Colla,True,700,False,
34,34,Bordj Bou Arreridj,برج بوعريريج,3415,Djaafra,True,700,False,
34,34,Bordj Bou Arreridj,برج بوعريريج,3427,El Ach,True,700,False,
34,34,Bordj Bou Arreridj,برج بوعريريج,3407,El Achir,True,700,False,
34,34,Bordj Bou Arreridj,برج بوعريريج,3428,El Anseur,True,700,False,
34,34,Bordj Bou Arreridj,برج بوعريريج,3411,El Hamadia,True,700,False,
34,34,Bordj Bou Arreridj,برج بوعريريج,3405,El M'hir,True,700,False,
34,34,Bordj Bou Arreridj,برج بوعريريج,3416,El Main,True,700,False,
34,34,Bordj Bou Arreridj,برج بوعريريج,3432,Ghilassa,True,700,False,
34,34,Bordj Bou Arreridj,برج بوعريريج,3434,Haraza,True,700,False,
34,34,Bordj Bou Arreridj,برج بوعريريج,3419,Hasnaoua,True,700,False,
34,34,Bordj Bou Arreridj,برج بوعريريج,3420,Khelil,True,700,False,
34,34,Bordj Bou Arreridj,برج بوعريريج,3422,Ksour,True,700,False,
34,34,Bordj Bou Arreridj,برج بوعريريج,3404,Mansoura,True,700,False,
34,34,Bordj Bou Arreridj,برج بوعريريج,3413,Medjana,True,700,False,
34,34,Bordj Bou Arreridj,برج بوعريريج,3417,Ouled Brahem,True,700,False,
34,34,Bordj Bou Arreridj,برج بوعريريج,3418,Ouled Dahmane,True,700,False,
34,34,Bordj Bou Arreridj,برج بوعريريج,3423,Ouled Sidi Brahim,True,700,False,
34,34,Bordj Bou Arreridj,برج بوعريريج,3433,Rabta,True,700,False,
34,34,Bordj Bou Arreridj,برج بوعريريج,3402,Ras El Oued,True,700,False,
34,34,Bordj Bou Arreridj,برج بوعريريج,3410,Sidi Embarek,True,700,False,
34,34,Bordj Bou Arreridj,برج بوعريريج,3424,Tafreg,True,700,False,
34,34,Bordj Bou Arreridj,برج بوعريريج,3421,Taglait,True,700,False,
34,34,Bordj Bou Arreridj,برج بوعريريج,3414,Teniet En Nasr,True,700,False,
34,34,Bordj Bou Arreridj,برج بوعريريج,3429,Tesmart,True,700,False,
34,34,Bordj Bou Arreridj,برج بوعريريج,3426,Tixter,True,700,False,
35,35,Boumerdès,بومرداس,3503,Afir,True,700,False,
35,35,Boumerdès,بومرداس,3524,Ammal,True,700,False,
35,35,Boumerdès,بومرداس,3505,Baghlia,True,700,False,
35,35,Boumerdès,بومرداس,3522,Ben Choud,True,700,False,
35,35,Boumerdès,بومرداس,3525,Beni Amrane,True,700,False,
35,35,Boumerdès,بومرداس,3504,Bordj Menaiel,True,700,False,
35,35,Boumerdès,بومرداس,3502,Boudouaou,True,700,False,
35,35,Boumerdès,بومرداس,3527,Boudouaou El Bahri,True,700,False,
35,35,Boumerdès,بومرداس,3501,Boumerdes,True,700,True,500
35,35,Boumerdès,بومرداس,3519,Bouzegza Keddara,True,700,False,
35,35,Boumerdès,بومرداس,3513,Chabet El Ameur,True,700,False,
35,35,Boumerdès,بومرداس,3516,Corso,True,700,False,
35,35,Boumerdès,بومرداس,3523,Dellys,True,700,False,
35,35,Boumerdès,بومرداس,3508,Djinet,True,700,False,
35,35,Boumerdès,بومرداس,3532,El Kharrouba,True,700,False,
35,35,Boumerdès,بومرداس,3530,Hammedi,True,700,False,
35,35,Boumerdès,بومرداس,3509,Isser,True,700,False,
35,35,Boumerdès,بومرداس,3531,Khemis El Khechna,True,700,False,
35,35,Boumerdès,بومرداس,3518,Larbatache,True,700,False,
35,35,Boumerdès,بومرداس,3529,Leghata,True,700,False,
35,35,Boumerdès,بومرداس,3507,Naciria,True,700,False,
35,35,Boumerdès,بومرداس,3521,Ouled Aissa,True,700,False,
35,35,Boumerdès,بومرداس,3528,Ouled Hedadj,True,700,False,
35,35,Boumerdès,بومرداس,3517,Ouled Moussa,True,700,False,
35,35,Boumerdès,بومرداس,3511,Si Mustapha,True,700,False,
35,35,Boumerdès,بومرداس,3506,Sidi Daoud,True,700,False,
35,35,Boumerdès,بومرداس,3526,Souk El Haad,True,700,False,
35,35,Boumerdès,بومرداس,3520,Taourga,True,700,False,
35,35,Boumerdès,بومرداس,3514,Thenia,True,700,False,
35,35,Boumerdès,بومرداس,3512,Tidjelabine,True,700,False,
35,35,Boumerdès,بومرداس,3515,Timezrit,True,700,False,
35,35,Boumerdès,بومرداس,3510,Zemmouri,True,700,False,
36,36,El Tarf,الطارف,3606,Ain El Assel,True,800,False,
36,36,El Tarf,الطارف,3621,Ain Kerma,True,800,False,
36,36,El Tarf,الطارف,3617,Asfour,True,800,False,
36,36,El Tarf,الطارف,3603,Ben M Hidi,True,800,False,
36,36,El Tarf,الطارف,3610,Berrihane,True,800,False,
36,36,El Tarf,الطارف,3616,Besbes,True,800,False,
36,36,El Tarf,الطارف,3604,Bougous,True,800,False,
36,36,El Tarf,الطارف,3602,Bouhadjar,True,800,False,
36,36,El Tarf,الطارف,3608,Bouteldja,True,800,False,
36,36,El Tarf,الطارف,3615,Chebaita Mokhtar,True,800,False,
36,36,El Tarf,الطارف,3612,Chefia,True,800,False,
36,36,El Tarf,الطارف,3614,Chihani,True,800,False,
36,36,El Tarf,الطارف,3613,Drean,True,800,False,
36,36,El Tarf,الطارف,3618,Echatt,True,800,False,
36,36,El Tarf,الطارف,3607,El Aioun,True,800,False,
36,36,El Tarf,الطارف,3605,El Kala,True,800,False,
36,36,El Tarf,الطارف,3601,El Tarf,True,800,True,500
36,36,El Tarf,الطارف,3623,Hammam Beni Salah,True,800,False,
36,36,El Tarf,الطارف,3611,Lac Des Oiseaux,True,800,False,
36,36,El Tarf,الطارف,3622,Oued Zitoun,True,800,False,
36,36,El Tarf,الطارف,3624,Raml Souk,True,800,False,
36,36,El Tarf,الطارف,3609,Souarekh,True,800,False,
36,36,El Tarf,الطارف,3619,Zerizer,True,800,False,
36,36,El Tarf,الطارف,3620,Zitouna,True,800,False,
37,37,Tindouf,تندوف,3702,Oum El Assel,True,1500,False,
37,37,Tindouf,تندوف,3701,Tindouf,True,1500,True,800
38,38,Tissemsilt,تيسمسيلت,3813,Ammari,True,700,False,
38,38,Tissemsilt,تيسمسيلت,3805,Beni Chaib,True,700,False,
38,38,Tissemsilt,تيسمسيلت,3822,Beni Lahcene,True,700,False,
38,38,Tissemsilt,تيسمسيلت,3802,Bordj Bounaama,True,700,False,
38,38,Tissemsilt,تيسمسيلت,3809,Bordj El Emir Abdelkader,True,700,False,
38,38,Tissemsilt,تيسمسيلت,3821,Bou Caid,True,700,False,
38,38,Tissemsilt,تيسمسيلت,3811,Khemisti,True,700,False,
38,38,Tissemsilt,تيسمسيلت,3816,Larbaa,True,700,False,
38,38,Tissemsilt,تيسمسيلت,3806,Lardjem,True,700,False,
38,38,Tissemsilt,تيسمسيلت,3810,Layoune,True,700,False,
38,38,Tissemsilt,تيسمسيلت,3804,Lazharia,True,700,False,
38,38,Tissemsilt,تيسمسيلت,3817,Maacem,True,700,False,
38,38,Tissemsilt,تيسمسيلت,3807,Melaab,True,700,False,
38,38,Tissemsilt,تيسمسيلت,3812,Ouled Bessem,True,700,False,
38,38,Tissemsilt,تيسمسيلت,3818,Sidi Abed,True,700,False,
38,38,Tissemsilt,تيسمسيلت,3815,Sidi Boutouchent,True,700,False,
38,38,Tissemsilt,تيسمسيلت,3808,Sidi Lantri,True,700,False,
38,38,Tissemsilt,تيسمسيلت,3820,Sidi Slimane,True,700,False,
38,38,Tissemsilt,تيسمسيلت,3819,Tamellalet,True,700,False,
38,38,Tissemsilt,تيسمسيلت,3803,Theniet El Had,True,700,False,
38,38,Tissemsilt,تيسمسيلت,3801,Tissemsilt,True,700,True,500
38,38,Tissemsilt,تيسمسيلت,3814,Youssoufia,True,700,False,
39,39,El Oued,الوادي,3904,Bayadha,True,950,False,
39,39,El Oued,الوادي,3919,Ben Guecha,True,950,False,
39,39,El Oued,الوادي,3911,Debila,True,950,False,
39,39,El Oued,الوادي,3915,Douar El Maa,True,950,False,
39,39,El Oued,الوادي,3925,El Ogla,True,950,False,
39,39,El Oued,الوادي,3901,El Oued,True,950,True,550
39,39,El Oued,الوادي,3906,Guemar,True,950,False,
39,39,El Oued,الوادي,3909,Hamraia,True,950,False,
39,39,El Oued,الوادي,3912,Hassani Abdelkrim,True,950,False,
39,39,El Oued,الوادي,3913,Hassi Khalifa,True,950,False,
39,39,El Oued,الوادي,3907,Kouinine,True,950,False,
39,39,El Oued,الوادي,3918,Magrane,True,950,False,
39,39,El Oued,الوادي,3926,Mih Ouansa,True,950,False,
39,39,El Oued,الوادي,3905,Nakhla,True,950,False,
39,39,El Oued,الوادي,3903,Oued El Alenda,True,950,False,
39,39,El Oued,الوادي,3920,Ourmes,True,950,False,
39,39,El Oued,الوادي,3908,Reguiba,True,950,False,
39,39,El Oued,الوادي,3902,Robbah,True,950,False,
39,39,El Oued,الوادي,3916,Sidi Aoun,True,950,False,
39,39,El Oued,الوادي,3910,Taghzout,True,950,False,
39,39,El Oued,الوادي,3914,Taleb Larbi,True,950,False,
39,39,El Oued,الوادي,3917,Trifaoui,True,950,False,
40,40,Khenchela,خنشلة,4006,Ain Touila,True,800,False,
40,40,Khenchela,خنشلة,4013,Babar,True,800,False,
40,40,Khenchela,خنشلة,4004,Baghai,True,800,False,
40,40,Khenchela,خنشلة,4008,Bouhmama,True,800,False,
40,40,Khenchela,خنشلة,4021,Chelia,True,800,False,
40,40,Khenchela,خنشلة,4011,Cherchar,True,800,False,
40,40,Khenchela,خنشلة,4012,Djellal,True,800,False,
40,40,Khenchela,خنشلة,4005,El Hamma,True,800,False,
40,40,Khenchela,خنشلة,4017,El Mahmal,True,800,False,
40,40,Khenchela,خنشلة,4009,El Oueldja,True,800,False,
40,40,Khenchela,خنشلة,4015,Ensigha,True,800,False,
40,40,Khenchela,خنشلة,4003,Kais,True,800,False,
40,40,Khenchela,خنشلة,4001,Khenchela,True,800,True,500
40,40,Khenchela,خنشلة,4020,Khirane,True,800,False,
40,40,Khenchela,خنشلة,4018,M'sara,True,800,False,
40,40,Khenchela,خنشلة,4002,M'toussa,True,800,False,
40,40,Khenchela,خنشلة,4016,Ouled Rechache,True,800,False,
40,40,Khenchela,خنشلة,4010,Remila,True,800,False,
40,40,Khenchela,خنشلة,4014,Tamza,True,800,False,
40,40,Khenchela,خنشلة,4007,Taouzianat,True,800,False,
40,40,Khenchela,خنشلة,4019,Yabous,True,800,False,
41,41,Souk Ahras,سوق أهراس,4118,Ain Soltane,True,800,False,
41,41,Souk Ahras,سوق أهراس,4117,Ain Zana,True,800,False,
41,41,Souk Ahras,سوق أهراس,4114,Bir Bouhouche,True,800,False,
41,41,Souk Ahras,سوق أهراس,4109,Drea,True,800,False,
41,41,Souk Ahras,سوق أهراس,4110,Haddada,True,800,False,
41,41,Souk Ahras,سوق أهراس,4103,Hanencha,True,800,False,
41,41,Souk Ahras,سوق أهراس,4111,Khedara,True,800,False,
41,41,Souk Ahras,سوق أهراس,4123,Khemissa,True,800,False,
41,41,Souk Ahras,سوق أهراس,4115,M'daourouche,True,800,False,
41,41,Souk Ahras,سوق أهراس,4104,Machroha,True,800,False,
41,41,Souk Ahras,سوق أهراس,4112,Merahna,True,800,False,
41,41,Souk Ahras,سوق أهراس,4124,Oued Kebrit,True,800,False,
41,41,Souk Ahras,سوق أهراس,4105,Ouled Driss,True,800,False,
41,41,Souk Ahras,سوق أهراس,4113,Ouled Moumen,True,800,False,
41,41,Souk Ahras,سوق أهراس,4116,Oum El Adhaim,True,800,False,
41,41,Souk Ahras,سوق أهراس,4119,Quillen,True,800,False,
41,41,Souk Ahras,سوق أهراس,4122,Ragouba,True,800,False,
41,41,Souk Ahras,سوق أهراس,4121,Safel El Ouiden,True,800,False,
41,41,Souk Ahras,سوق أهراس,4102,Sedrata,True,800,False,
41,41,Souk Ahras,سوق أهراس,4120,Sidi Fredj,True,800,False,
41,41,Souk Ahras,سوق أهراس,4101,Souk Ahras,True,800,True,500
41,41,Souk Ahras,سوق أهراس,4108,Taoura,True,800,False,
41,41,Souk Ahras,سوق أهراس,4125,Terraguelt,True,800,False,
41,41,Souk Ahras,سوق أهراس,4106,Tiffech,True,800,False,
41,41,Souk Ahras,سوق أهراس,4107,Zaarouria,True,800,False,
41,41,Souk Ahras,سوق أهراس,4126,Zouabi,True,800,False,
42,42,Tipaza,تيبازة,4207,Aghbal,True,700,False,
42,42,Tipaza,تيبازة,4219,Ahmer El Ain,True,700,False,
42,42,Tipaza,تيبازة,4213,Ain Tagourait,True,700,False,
42,42,Tipaza,تيبازة,4225,Attatba,True,700,False,
42,42,Tipaza,تيبازة,4227,Beni Mileuk,True,700,False,
42,42,Tipaza,تيبازة,4220,Bou Haroun,True,700,False,
42,42,Tipaza,تيبازة,4218,Bou Ismail,True,700,False,
42,42,Tipaza,تيبازة,4205,Bourkika,True,700,False,
42,42,Tipaza,تيبازة,4212,Chaiba,True,700,False,
42,42,Tipaza,تيبازة,4214,Cherchell,True,700,False,
42,42,Tipaza,تيبازة,4215,Damous,True,700,False,
42,42,Tipaza,تيبازة,4204,Douaouda,True,700,False,
42,42,Tipaza,تيبازة,4217,Fouka,True,700,False,
42,42,Tipaza,تيبازة,4210,Gouraya,True,700,False,
42,42,Tipaza,تيبازة,4208,Hadjout,True,700,False,
42,42,Tipaza,تيبازة,4228,Hadjret Ennous,True,700,False,
42,42,Tipaza,تيبازة,4206,Khemisti,True,700,False,
42,42,Tipaza,تيبازة,4224,Kolea,True,700,False,
42,42,Tipaza,تيبازة,4203,Larhat,True,700,False,
42,42,Tipaza,تيبازة,4202,Menaceur,True,700,False,
42,42,Tipaza,تيبازة,4216,Merad,True,700,False,
42,42,Tipaza,تيبازة,4222,Messelmoun,True,700,False,
42,42,Tipaza,تيبازة,4211,Nador,True,700,False,
42,42,Tipaza,تيبازة,4209,Sidi Amar,True,700,False,
42,42,Tipaza,تيبازة,4221,Sidi Ghiles,True,700,False,
42,42,Tipaza,تيبازة,4223,Sidi Rached,True,700,False,
42,42,Tipaza,تيبازة,4226,Sidi Semiane,True,700,False,
42,42,Tipaza,تيبازة,4201,Tipaza,True,700,True,500
43,43,Mila,ميلة,4311,Ahmed Rachedi,True,700,False,
43,43,Mila,ميلة,4330,Ain Beida Harriche,True,700,False,
43,43,Mila,ميلة,4305,Ain Mellouk,True,700,False,
43,43,Mila,ميلة,4325,Ain Tine,True,700,False,
43,43,Mila,ميلة,4322,Amira Arres,True,700,False,
43,43,Mila,ميلة,4309,Benyahia Abderrahmane,True,700,False,
43,43,Mila,ميلة,4314,Bouhatem,True,700,False,
43,43,Mila,ميلة,4303,Chelghoum Laid,True,700,False,
43,43,Mila,ميلة,4332,Chigara,True,700,False,
43,43,Mila,ميلة,4320,Derrahi Bousselah,True,700,False,
43,43,Mila,ميلة,4326,El Mechira,True,700,False,
43,43,Mila,ميلة,4329,Elayadi Barbes,True,700,False,
43,43,Mila,ميلة,4302,Ferdjioua,True,700,False,
43,43,Mila,ميلة,4317,Grarem Gouga,True,700,False,
43,43,Mila,ميلة,4324,Hamala,True,700,False,
43,43,Mila,ميلة,4301,Mila,True,700,True,500
43,43,Mila,ميلة,4321,Minar Zarza,True,700,False,
43,43,Mila,ميلة,4304,Oued Athmenia,True,700,False,
43,43,Mila,ميلة,4310,Oued Endja,True,700,False,
43,43,Mila,ميلة,4307,Oued Seguen,True,700,False,
43,43,Mila,ميلة,4312,Ouled Khalouf,True,700,False,
43,43,Mila,ميلة,4315,Rouached,True,700,False,
43,43,Mila,ميلة,4327,Sidi Khelifa,True,700,False,
43,43,Mila,ميلة,4318,Sidi Merouane,True,700,False,
43,43,Mila,ميلة,4308,Tadjenanet,True,700,False,
43,43,Mila,ميلة,4319,Tassadane Haddada,True,700,False,
43,43,Mila,ميلة,4306,Teleghma,True,700,False,
43,43,Mila,ميلة,4323,Terrai Bainem,True,700,False,
43,43,Mila,ميلة,4316,Tessala,True,700,False,
43,43,Mila,ميلة,4313,Tiberguent,True,700,False,
43,43,Mila,ميلة,4331,Yahia Beniguecha,True,700,False,
43,43,Mila,ميلة,4328,Zeghaia,True,700,False,
44,44,Aïn Defla,عين الدفلى,4426,Ain Benian,True,700,False,
44,44,Aïn Defla,عين الدفلى,4433,Ain Bouyahia,True,700,False,
44,44,Aïn Defla,عين الدفلى,4401,Ain Defla,True,700,True,500
44,44,Aïn Defla,عين الدفلى,4414,Ain Lechiakh,True,700,False,
44,44,Aïn Defla,عين الدفلى,4420,Ain Soltane,True,700,False,
44,44,Aïn Defla,عين الدفلى,4423,Ain Tork,True,700,False,
44,44,Aïn Defla,عين الدفلى,4406,Arib,True,700,False,
44,44,Aïn Defla,عين الدفلى,4428,Barbouche,True,700,False,
44,44,Aïn Defla,عين الدفلى,4431,Bathia,True,700,False,
44,44,Aïn Defla,عين الدفلى,4436,Belaas,True,700,False,
44,44,Aïn Defla,عين الدفلى,4425,Ben Allal,True,700,False,
44,44,Aïn Defla,عين الدفلى,4419,Bir Ould Khelifa,True,700,False,
44,44,Aïn Defla,عين الدفلى,4422,Bordj Emir Khaled,True,700,False,
44,44,Aïn Defla,عين الدفلى,4403,Boumedfaa,True,700,False,
44,44,Aïn Defla,عين الدفلى,4409,Bourached,True,700,False,
44,44,Aïn Defla,عين الدفلى,4407,Djelida,True,700,False,
44,44,Aïn Defla,عين الدفلى,4429,Djemaa Ouled Cheikh,True,700,False,
44,44,Aïn Defla,عين الدفلى,4412,Djendel,True,700,False,
44,44,Aïn Defla,عين الدفلى,4411,El Abadia,True,700,False,
44,44,Aïn Defla,عين الدفلى,4408,El Amra,True,700,False,
44,44,Aïn Defla,عين الدفلى,4410,El Attaf,True,700,False,
44,44,Aïn Defla,عين الدفلى,4434,El Maine,True,700,False,
44,44,Aïn Defla,عين الدفلى,4405,Hammam Righa,True,700,False,
44,44,Aïn Defla,عين الدفلى,4418,Hassania,True,700,False,
44,44,Aïn Defla,عين الدفلى,4427,Hoceinia,True,700,False,
44,44,Aïn Defla,عين الدفلى,4404,Khemis Miliana,True,700,False,
44,44,Aïn Defla,عين الدفلى,4430,Mekhatria,True,700,False,
44,44,Aïn Defla,عين الدفلى,4402,Miliana,True,700,False,
44,44,Aïn Defla,عين الدفلى,4413,Oued Chorfa,True,700,False,
44,44,Aïn Defla,عين الدفلى,4415,Oued Djemaa,True,700,False,
44,44,Aïn Defla,عين الدفلى,4416,Rouina,True,700,False,
44,44,Aïn Defla,عين الدفلى,4424,Sidi Lakhdar,True,700,False,
44,44,Aïn Defla,عين الدفلى,4432,Tacheta Zegagha,True,700,False,
44,44,Aïn Defla,عين الدفلى,4421,Tarik Ibn Ziad,True,700,False,
44,44,Aïn Defla,عين الدفلى,4435,Tiberkanine,True,700,False,
44,44,Aïn Defla,عين الدفلى,4417,Zeddine,True,700,False,
45,45,Naâma,النعامة,4509,Ain Ben Khelil,True,950,False,
45,45,Naâma,النعامة,4503,Ain Safra,True,950,False,
45,45,Naâma,النعامة,4507,Assela,True,950,False,
45,45,Naâma,النعامة,4508,Djeniane Bourzeg,True,950,False,
45,45,Naâma,النعامة,4512,El Biod,True,950,False,
45,45,Naâma,النعامة,4511,Kasdir,True,950,False,
45,45,Naâma,النعامة,4510,Makman Ben Amer,True,950,False,
45,45,Naâma,النعامة,4502,Mecheria,True,950,True,550
45,45,Naâma,النعامة,4506,Moghrar,True,950,False,
45,45,Naâma,النعامة,4501,Naama,True,950,False,
45,45,Naâma,النعامة,4505,Sfissifa,True,950,False,
45,45,Naâma,النعامة,4504,Tiout,True,950,False,
46,46,Aïn Témouchent,عين تموشنت,4607,Aghlal,True,700,False,
46,46,Aïn Témouchent,عين تموشنت,4609,Ain El Arbaa,True,700,False,
46,46,Aïn Témouchent,عين تموشنت,4603,Ain Kihal,True,700,False,
46,46,Aïn Témouchent,عين تموشنت,4601,Ain Temouchent,True,700,True,500
46,46,Aïn Témouchent,عين تموشنت,4618,Ain Tolba,True,700,False,
46,46,Aïn Témouchent,عين تموشنت,4613,Aoubellil,True,700,False,
46,46,Aïn Témouchent,عين تموشنت,4623,Beni Saf,True,700,False,
46,46,Aïn Témouchent,عين تموشنت,4605,Bouzedjar,True,700,False,
46,46,Aïn Témouchent,عين تموشنت,4602,Chaabat El Ham,True,700,False,
46,46,Aïn Témouchent,عين تموشنت,4611,Chentouf,True,700,False,
46,46,Aïn Témouchent,عين تموشنت,4619,El Amria,True,700,False,
46,46,Aïn Témouchent,عين تموشنت,4614,El Malah,True,700,False,
46,46,Aïn Témouchent,عين تموشنت,4628,El Messaid,True,700,False,
46,46,Aïn Témouchent,عين تموشنت,4627,Emir Abdelkader,True,700,False,
46,46,Aïn Témouchent,عين تموشنت,4604,Hammam Bouhadjar,True,700,False,
46,46,Aïn Témouchent,عين تموشنت,4621,Hassasna,True,700,False,
46,46,Aïn Témouchent,عين تموشنت,4620,Hassi El Ghella,True,700,False,
46,46,Aïn Témouchent,عين تموشنت,4606,Oued Berkeche,True,700,False,
46,46,Aïn Témouchent,عين تموشنت,4616,Oued Sebbah,True,700,False,
46,46,Aïn Témouchent,عين تموشنت,4617,Ouled Boudjemaa,True,700,False,
46,46,Aïn Témouchent,عين تموشنت,4622,Ouled Kihal,True,700,False,
46,46,Aïn Témouchent,عين تموشنت,4625,Oulhaca El Gheraba,True,700,False,
46,46,Aïn Témouchent,عين تموشنت,4612,Sidi Ben Adda,True,700,False,
46,46,Aïn Témouchent,عين تموشنت,4615,Sidi Boumediene,True,700,False,
46,46,Aïn Témouchent,عين تموشنت,4626,Sidi Ouriache,True,700,False,
46,46,Aïn Témouchent,عين تموشنت,4624,Sidi Safi,True,700,False,
46,46,Aïn Témouchent,عين تموشنت,4610,Tamzoura,True,700,False,
46,46,Aïn Témouchent,عين تموشنت,4608,Terga,True,700,False,
47,47,Ghardaïa,غرداية,4704,Berriane,True,950,False,
47,47,Ghardaïa,غرداية,4710,Bounoura,True,950,False,
47,47,Ghardaïa,غرداية,4703,Dhayet Bendhahoua,True,950,False,
47,47,Ghardaïa,غرداية,4707,El Atteuf,True,950,False,
47,47,Ghardaïa,غرداية,4706,El Guerrara,True,950,False,
47,47,Ghardaïa,غرداية,4701,Ghardaia,True,950,True,550
47,47,Ghardaïa,غرداية,4713,Mansoura,True,950,False,
47,47,Ghardaïa,غرداية,4705,Metlili,True,950,False,
47,47,Ghardaïa,غرداية,4709,Sebseb,True,950,False,
47,47,Ghardaïa,غرداية,4708,Zelfana,True,950,False,
48,48,Relizane,غليزان,4824,Ain Rahma,True,700,False,
48,48,Relizane,غليزان,4819,Ain Tarek,True,700,False,
48,48,Relizane,غليزان,4811,Ammi Moussa,True,700,False,
48,48,Relizane,غليزان,4803,Belaassel Bouzagza,True,700,False,
48,48,Relizane,غليزان,4835,Bendaoud,True,700,False,
48,48,Relizane,غليزان,4813,Beni Dergoun,True,700,False,
48,48,Relizane,غليزان,4830,Beni Zentis,True,700,False,
48,48,Relizane,غليزان,4832,Dar Ben Abdelah,True,700,False,
48,48,Relizane,غليزان,4814,Djidiouia,True,700,False,
48,48,Relizane,غليزان,4815,El Guettar,True,700,False,
48,48,Relizane,غليزان,4807,El H'madna,True,700,False,
48,48,Relizane,غليزان,4833,El Hassi,True,700,False,
48,48,Relizane,غليزان,4817,El Matmar,True,700,False,
48,48,Relizane,غليزان,4836,El Ouldja,True,700,False,
48,48,Relizane,غليزان,4834,Had Echkalla,True,700,False,
48,48,Relizane,غليزان,4816,Hamri,True,700,False,
48,48,Relizane,غليزان,4823,Kalaa,True,700,False,
48,48,Relizane,غليزان,4829,Lahlef,True,700,False,
48,48,Relizane,غليزان,4822,Mazouna,True,700,False,
48,48,Relizane,غليزان,4809,Mediouna,True,700,False,
48,48,Relizane,غليزان,4828,Mendes,True,700,False,
48,48,Relizane,غليزان,4837,Merdja Sidi Abed,True,700,False,
48,48,Relizane,غليزان,4821,Ouarizane,True,700,False,
48,48,Relizane,غليزان,4826,Oued El Djemaa,True,700,False,
48,48,Relizane,غليزان,4820,Oued Essalem,True,700,False,
48,48,Relizane,غليزان,4802,Oued Rhiou,True,700,False,
48,48,Relizane,غليزان,4805,Ouled Aiche,True,700,False,
48,48,Relizane,غليزان,4838,Ouled Sidi Mihoub,True,700,False,
48,48,Relizane,غليزان,4827,Ramka,True,700,False,
48,48,Relizane,غليزان,4801,Relizane,True,700,True,500
48,48,Relizane,غليزان,4810,Sidi Khettab,True,700,False,
48,48,Relizane,غليزان,4806,Sidi Lazreg,True,700,False,
48,48,Relizane,غليزان,4808,Sidi M'hamed Benali,True,700,False,
48,48,Relizane,غليزان,4818,Sidi M'hamed Benaouda,True,700,False,
48,48,Relizane,غليزان,4804,Sidi Saada,True,700,False,
48,48,Relizane,غليزان,4831,Souk El Had,True,700,False,
48,48,Relizane,غليزان,4825,Yellel,True,700,False,
48,48,Relizane,غليزان,4812,Zemmoura,True,700,False,
49,49,Timimoun,تيميمون,4908,Aougrout,True,1300,False,
49,49,Timimoun,تيميمون,4902,Charouine,True,1300,False,
49,49,Timimoun,تيميمون,4906,Deldoul,True,1300,False,
49,49,Timimoun,تيميمون,4903,Ksar Kaddour,True,1300,False,
49,49,Timimoun,تيميمون,4907,Metarfa,True,1300,False,
49,49,Timimoun,تيميمون,4910,Ouled Aissa,True,1300,False,
49,49,Timimoun,تيميمون,4904,Ouled Said,True,1300,False,
49,49,Timimoun,تيميمون,4909,Talmine,True,1300,False,
49,49,Timimoun,تيميمون,4901,Timimoun,True,1300,False,
49,49,Timimoun,تيميمون,4905,Tinerkouk,True,1300,False,
50,50,Bordj Badji Mokhtar,برج باجي مختار,5001,Bordj Badji Mokhtar,True,1900,False,
50,50,Bordj Badji Mokhtar,برج باجي مختار,5002,Timiaouine,True,1900,False,
51,51,Ouled Djellal,أولاد جلال,5103,Besbes,True,700,False,
51,51,Ouled Djellal,أولاد جلال,5106,Chaiba,True,700,False,
51,51,Ouled Djellal,أولاد جلال,5105,Doucen,True,700,False,
51,51,Ouled Djellal,أولاد جلال,5101,Ouled Djellal,True,700,False,
51,51,Ouled Djellal,أولاد جلال,5102,Ras El Miad,True,700,False,
51,51,Ouled Djellal,أولاد جلال,5104,Sidi Khaled,True,700,False,
52,52,Beni Abbes,بني عباس,5201,Beni Abbes,True,1300,False,
52,52,Beni Abbes,بني عباس,5204,Beni Ikhlef,True,1300,False,
52,52,Beni Abbes,بني عباس,5207,El Ouata,True,1300,False,
52,52,Beni Abbes,بني عباس,5205,Igli,True,1300,False,
52,52,Beni Abbes,بني عباس,5208,Kerzaz,True,1300,False,
52,52,Beni Abbes,بني عباس,5209,Ksabi,True,1300,False,
52,52,Beni Abbes,بني عباس,5202,Ouled Khoudir,True,1300,False,
52,52,Beni Abbes,بني عباس,5206,Tabelbala,True,1300,False,
52,52,Beni Abbes,بني عباس,5210,Tamtert,True,1300,False,
52,52,Beni Abbes,بني عباس,5203,Timoudi,True,1300,False,
53,53,In Salah,عين صالح,5303,Foggaret Azzaouia,True,1300,False,
53,53,In Salah,عين صالح,5302,In Ghar,True,1300,False,
53,53,In Salah,عين صالح,5301,In Salah,True,1300,False,
54,54,In Guezzam,عين قزام,5401,In Guezzam,True,1700,False,
54,54,In Guezzam,عين قزام,5402,Tin Zouatine,True,1700,False,
55,55,Touggourt,تقرت,5510,Benaceur,True,950,False,
55,55,Touggourt,تقرت,5502,Blidet Amor,True,950,False,
55,55,Touggourt,تقرت,5513,El Alia,True,950,False,
55,55,Touggourt,تقرت,5507,El Hadjira,True,950,False,
55,55,Touggourt,تقرت,5512,Megarine,True,950,False,
55,55,Touggourt,تقرت,5511,Mnaguer,True,950,False,
55,55,Touggourt,تقرت,5504,Nezla,True,950,False,
55,55,Touggourt,تقرت,5506,Sidi Slimane,True,950,False,
55,55,Touggourt,تقرت,5508,Taibet,True,950,False,
55,55,Touggourt,تقرت,5503,Tebesbest,True,950,False,
55,55,Touggourt,تقرت,5509,Temacine,True,950,False,
55,55,Touggourt,تقرت,5501,Touggourt,True,950,False,
55,55,Touggourt,تقرت,5505,Zaouia El Abidia,True,950,False,
56,56,Djanet,جانت,5602,Bordj El Haouasse,True,1700,False,
56,56,Djanet,جانت,5601,Djanet,True,1700,False,
57,57,El M'Ghair,المغير,5706,Djamaa,True,950,False,
57,57,El M'Ghair,المغير,5701,El M'ghair,True,950,False,
57,57,El M'Ghair,المغير,5703,Mrara,True,950,False,
57,57,El M'Ghair,المغير,5707,Oum Touyour,True,950,False,
57,57,El M'Ghair,المغير,5708,Sidi Amrane,True,950,False,
57,57,El M'Ghair,المغير,5704,Sidi Khelil,True,950,False,
57,57,El M'Ghair,المغير,5702,Still,True,950,False,
57,57,El M'Ghair,المغير,5705,Tenedla,True,950,False,
58,58,El Meniaa,المنيعة,5801,El Meniaa,True,1100,False,
58,58,El Meniaa,المنيعة,5802,Hassi Fehal,True,1100,False,
58,58,El Meniaa,المنيعة,5803,Hassi Gara,True,1100,False,
